らし,55,55,7494,助動詞,*,イ形容詞イ段,語幹,らしい,らし,*
らしい,45,45,7494,助動詞,*,イ形容詞イ段,基本形,らしい,らしい,*
らしかれ,44,44,7494,助動詞,*,イ形容詞イ段,命令形,らしい,らしかれ,*
らしかろう,46,46,7494,助動詞,*,イ形容詞イ段,基本推量形,らしい,らしかろう,*
らしかろ,48,48,7494,助動詞,*,イ形容詞イ段,基本省略推量形,らしい,らしかろ,*
らしければ,47,47,7494,助動詞,*,イ形容詞イ段,基本条件形,らしい,らしければ,*
らしく,49,49,7494,助動詞,*,イ形容詞イ段,基本連用形,らしい,らしく,*
らしかった,36,36,7494,助動詞,*,イ形容詞イ段,タ形,らしい,らしかった,*
らしかったろう,37,37,7494,助動詞,*,イ形容詞イ段,タ系推量形,らしい,らしかったろう,*
らしかったろ,39,39,7494,助動詞,*,イ形容詞イ段,タ系省略推量形,らしい,らしかったろ,*
らしかったら,38,38,7494,助動詞,*,イ形容詞イ段,タ系条件形,らしい,らしかったら,*
らしくて,43,43,7494,助動詞,*,イ形容詞イ段,タ系連用テ形,らしい,らしくて,*
らしかったり,40,40,7494,助動詞,*,イ形容詞イ段,タ系連用タリ形,らしい,らしかったり,*
らしくちゃ,41,41,7494,助動詞,*,イ形容詞イ段,タ系連用チャ形,らしい,らしくちゃ,*
らしくっちゃ,42,42,7494,助動詞,*,イ形容詞イ段,タ系連用チャ形２,らしい,らしくっちゃ,*
らしけりゃ,56,56,7494,助動詞,*,イ形容詞イ段,音便条件形,らしい,らしけりゃ,*
らしきゃ,57,57,7494,助動詞,*,イ形容詞イ段,音便条件形２,らしい,らしきゃ,*
らし,51,51,7494,助動詞,*,イ形容詞イ段,文語基本形,らしい,らし,*
らしから,52,52,7494,助動詞,*,イ形容詞イ段,文語未然形,らしい,らしから,*
らしゅう,54,54,7494,助動詞,*,イ形容詞イ段,文語連用形,らしい,らしゅう,*
らしき,53,53,7494,助動詞,*,イ形容詞イ段,文語連体形,らしい,らしき,*
らしかれ,50,50,7494,助動詞,*,イ形容詞イ段,文語命令形,らしい,らしかれ,*
の,504,504,7687,助動詞,*,ナ形容詞,語幹,のだ,の,*
のだ,497,497,7687,助動詞,*,ナ形容詞,基本形,のだ,のだ,*
のな,266,266,7687,助動詞,*,ナ形容詞,ダ列基本連体形,のだ,のな,*
のだろう,245,245,7687,助動詞,*,ナ形容詞,ダ列基本推量形,のだ,のだろう,*
のだろ,259,259,7687,助動詞,*,ナ形容詞,ダ列基本省略推量形,のだ,のだろ,*
のならば,252,252,7687,助動詞,*,ナ形容詞,ダ列基本条件形,のだ,のならば,*
のに,273,273,7687,助動詞,*,ナ形容詞,ダ列基本連用形,のだ,のに,*
のだった,196,196,7687,助動詞,*,ナ形容詞,ダ列タ形,のだ,のだった,*
のだったろう,203,203,7687,助動詞,*,ナ形容詞,ダ列タ系推量形,のだ,のだったろう,*
のだったろ,217,217,7687,助動詞,*,ナ形容詞,ダ列タ系省略推量形,のだ,のだったろ,*
のだったら,210,210,7687,助動詞,*,ナ形容詞,ダ列タ系条件形,のだ,のだったら,*
ので,238,238,7687,助動詞,*,ナ形容詞,ダ列タ系連用テ形,のだ,ので,*
のだったり,231,231,7687,助動詞,*,ナ形容詞,ダ列タ系連用タリ形,のだ,のだったり,*
のじゃ,224,224,7687,助動詞,*,ナ形容詞,ダ列タ系連用ジャ形,のだ,のじゃ,*
のなる,287,287,7687,助動詞,*,ナ形容詞,ダ列文語連体形,のだ,のなる,*
のなれば,280,280,7687,助動詞,*,ナ形容詞,ダ列文語条件形,のだ,のなれば,*
のである,343,343,7687,助動詞,*,ナ形容詞,デアル列基本形,のだ,のである,*
のであれ,336,336,7687,助動詞,*,ナ形容詞,デアル列命令形,のだ,のであれ,*
のであろう,350,350,7687,助動詞,*,ナ形容詞,デアル列基本推量形,のだ,のであろう,*
のであろ,364,364,7687,助動詞,*,ナ形容詞,デアル列基本省略推量形,のだ,のであろ,*
のであれば,357,357,7687,助動詞,*,ナ形容詞,デアル列基本条件形,のだ,のであれば,*
のであり,371,371,7687,助動詞,*,ナ形容詞,デアル列基本連用形,のだ,のであり,*
のであった,294,294,7687,助動詞,*,ナ形容詞,デアル列タ形,のだ,のであった,*
のであったろう,301,301,7687,助動詞,*,ナ形容詞,デアル列タ系推量形,のだ,のであったろう,*
のであったろ,315,315,7687,助動詞,*,ナ形容詞,デアル列タ系省略推量形,のだ,のであったろ,*
のであったら,308,308,7687,助動詞,*,ナ形容詞,デアル列タ系条件形,のだ,のであったら,*
のであって,329,329,7687,助動詞,*,ナ形容詞,デアル列タ系連用テ形,のだ,のであって,*
のであったり,322,322,7687,助動詞,*,ナ形容詞,デアル列タ系連用タリ形,のだ,のであったり,*
のです,420,420,7687,助動詞,*,ナ形容詞,デス列基本形,のだ,のです,*
のでしょう,427,427,7687,助動詞,*,ナ形容詞,デス列基本推量形,のだ,のでしょう,*
のでしょ,434,434,7687,助動詞,*,ナ形容詞,デス列基本省略推量形,のだ,のでしょ,*
のでした,378,378,7687,助動詞,*,ナ形容詞,デス列タ形,のだ,のでした,*
のでしたろう,385,385,7687,助動詞,*,ナ形容詞,デス列タ系推量形,のだ,のでしたろう,*
のでしたろ,399,399,7687,助動詞,*,ナ形容詞,デス列タ系省略推量形,のだ,のでしたろ,*
のでしたら,392,392,7687,助動詞,*,ナ形容詞,デス列タ系条件形,のだ,のでしたら,*
のでして,413,413,7687,助動詞,*,ナ形容詞,デス列タ系連用テ形,のだ,のでして,*
のでしたり,406,406,7687,助動詞,*,ナ形容詞,デス列タ系連用タリ形,のだ,のでしたり,*
のや,476,476,7687,助動詞,*,ナ形容詞,ヤ列基本形,のだ,のや,*
のやろう,483,483,7687,助動詞,*,ナ形容詞,ヤ列基本推量形,のだ,のやろう,*
のやろ,490,490,7687,助動詞,*,ナ形容詞,ヤ列基本省略推量形,のだ,のやろ,*
のやった,441,441,7687,助動詞,*,ナ形容詞,ヤ列タ形,のだ,のやった,*
のやったろう,448,448,7687,助動詞,*,ナ形容詞,ヤ列タ系推量形,のだ,のやったろう,*
のやったろ,462,462,7687,助動詞,*,ナ形容詞,ヤ列タ系省略推量形,のだ,のやったろ,*
のやったら,455,455,7687,助動詞,*,ナ形容詞,ヤ列タ系条件形,のだ,のやったら,*
のやったり,469,469,7687,助動詞,*,ナ形容詞,ヤ列タ系連用タリ形,のだ,のやったり,*
ん,510,510,9373,助動詞,*,ナ形容詞,語幹,んだ,ん,*
んだ,503,503,9373,助動詞,*,ナ形容詞,基本形,んだ,んだ,*
んな,272,272,9373,助動詞,*,ナ形容詞,ダ列基本連体形,んだ,んな,*
んだろう,251,251,9373,助動詞,*,ナ形容詞,ダ列基本推量形,んだ,んだろう,*
んだろ,265,265,9373,助動詞,*,ナ形容詞,ダ列基本省略推量形,んだ,んだろ,*
んならば,258,258,9373,助動詞,*,ナ形容詞,ダ列基本条件形,んだ,んならば,*
んに,279,279,9373,助動詞,*,ナ形容詞,ダ列基本連用形,んだ,んに,*
んだった,202,202,9373,助動詞,*,ナ形容詞,ダ列タ形,んだ,んだった,*
んだったろう,209,209,9373,助動詞,*,ナ形容詞,ダ列タ系推量形,んだ,んだったろう,*
んだったろ,223,223,9373,助動詞,*,ナ形容詞,ダ列タ系省略推量形,んだ,んだったろ,*
んだったら,216,216,9373,助動詞,*,ナ形容詞,ダ列タ系条件形,んだ,んだったら,*
んで,244,244,9373,助動詞,*,ナ形容詞,ダ列タ系連用テ形,んだ,んで,*
んだったり,237,237,9373,助動詞,*,ナ形容詞,ダ列タ系連用タリ形,んだ,んだったり,*
んじゃ,230,230,9373,助動詞,*,ナ形容詞,ダ列タ系連用ジャ形,んだ,んじゃ,*
んなる,293,293,9373,助動詞,*,ナ形容詞,ダ列文語連体形,んだ,んなる,*
んなれば,286,286,9373,助動詞,*,ナ形容詞,ダ列文語条件形,んだ,んなれば,*
んである,349,349,9373,助動詞,*,ナ形容詞,デアル列基本形,んだ,んである,*
んであれ,342,342,9373,助動詞,*,ナ形容詞,デアル列命令形,んだ,んであれ,*
んであろう,356,356,9373,助動詞,*,ナ形容詞,デアル列基本推量形,んだ,んであろう,*
んであろ,370,370,9373,助動詞,*,ナ形容詞,デアル列基本省略推量形,んだ,んであろ,*
んであれば,363,363,9373,助動詞,*,ナ形容詞,デアル列基本条件形,んだ,んであれば,*
んであり,377,377,9373,助動詞,*,ナ形容詞,デアル列基本連用形,んだ,んであり,*
んであった,300,300,9373,助動詞,*,ナ形容詞,デアル列タ形,んだ,んであった,*
んであったろう,307,307,9373,助動詞,*,ナ形容詞,デアル列タ系推量形,んだ,んであったろう,*
んであったろ,321,321,9373,助動詞,*,ナ形容詞,デアル列タ系省略推量形,んだ,んであったろ,*
んであったら,314,314,9373,助動詞,*,ナ形容詞,デアル列タ系条件形,んだ,んであったら,*
んであって,335,335,9373,助動詞,*,ナ形容詞,デアル列タ系連用テ形,んだ,んであって,*
んであったり,328,328,9373,助動詞,*,ナ形容詞,デアル列タ系連用タリ形,んだ,んであったり,*
んです,426,426,9373,助動詞,*,ナ形容詞,デス列基本形,んだ,んです,*
んでしょう,433,433,9373,助動詞,*,ナ形容詞,デス列基本推量形,んだ,んでしょう,*
んでしょ,440,440,9373,助動詞,*,ナ形容詞,デス列基本省略推量形,んだ,んでしょ,*
んでした,384,384,9373,助動詞,*,ナ形容詞,デス列タ形,んだ,んでした,*
んでしたろう,391,391,9373,助動詞,*,ナ形容詞,デス列タ系推量形,んだ,んでしたろう,*
んでしたろ,405,405,9373,助動詞,*,ナ形容詞,デス列タ系省略推量形,んだ,んでしたろ,*
んでしたら,398,398,9373,助動詞,*,ナ形容詞,デス列タ系条件形,んだ,んでしたら,*
んでして,419,419,9373,助動詞,*,ナ形容詞,デス列タ系連用テ形,んだ,んでして,*
んでしたり,412,412,9373,助動詞,*,ナ形容詞,デス列タ系連用タリ形,んだ,んでしたり,*
んや,482,482,9373,助動詞,*,ナ形容詞,ヤ列基本形,んだ,んや,*
んやろう,489,489,9373,助動詞,*,ナ形容詞,ヤ列基本推量形,んだ,んやろう,*
んやろ,496,496,9373,助動詞,*,ナ形容詞,ヤ列基本省略推量形,んだ,んやろ,*
んやった,447,447,9373,助動詞,*,ナ形容詞,ヤ列タ形,んだ,んやった,*
んやったろう,454,454,9373,助動詞,*,ナ形容詞,ヤ列タ系推量形,んだ,んやったろう,*
んやったろ,468,468,9373,助動詞,*,ナ形容詞,ヤ列タ系省略推量形,んだ,んやったろ,*
んやったら,461,461,9373,助動詞,*,ナ形容詞,ヤ列タ系条件形,んだ,んやったら,*
んやったり,475,475,9373,助動詞,*,ナ形容詞,ヤ列タ系連用タリ形,んだ,んやったり,*
わけ,509,509,7779,助動詞,*,ナ形容詞,語幹,わけだ,わけ,*
わけだ,502,502,7779,助動詞,*,ナ形容詞,基本形,わけだ,わけだ,*
わけな,271,271,7779,助動詞,*,ナ形容詞,ダ列基本連体形,わけだ,わけな,*
わけだろう,250,250,7779,助動詞,*,ナ形容詞,ダ列基本推量形,わけだ,わけだろう,*
わけだろ,264,264,7779,助動詞,*,ナ形容詞,ダ列基本省略推量形,わけだ,わけだろ,*
わけならば,257,257,7779,助動詞,*,ナ形容詞,ダ列基本条件形,わけだ,わけならば,*
わけに,278,278,7779,助動詞,*,ナ形容詞,ダ列基本連用形,わけだ,わけに,*
わけだった,201,201,7779,助動詞,*,ナ形容詞,ダ列タ形,わけだ,わけだった,*
わけだったろう,208,208,7779,助動詞,*,ナ形容詞,ダ列タ系推量形,わけだ,わけだったろう,*
わけだったろ,222,222,7779,助動詞,*,ナ形容詞,ダ列タ系省略推量形,わけだ,わけだったろ,*
わけだったら,215,215,7779,助動詞,*,ナ形容詞,ダ列タ系条件形,わけだ,わけだったら,*
わけで,243,243,7779,助動詞,*,ナ形容詞,ダ列タ系連用テ形,わけだ,わけで,*
わけだったり,236,236,7779,助動詞,*,ナ形容詞,ダ列タ系連用タリ形,わけだ,わけだったり,*
わけじゃ,229,229,7779,助動詞,*,ナ形容詞,ダ列タ系連用ジャ形,わけだ,わけじゃ,*
わけなる,292,292,7779,助動詞,*,ナ形容詞,ダ列文語連体形,わけだ,わけなる,*
わけなれば,285,285,7779,助動詞,*,ナ形容詞,ダ列文語条件形,わけだ,わけなれば,*
わけである,348,348,7779,助動詞,*,ナ形容詞,デアル列基本形,わけだ,わけである,*
わけであれ,341,341,7779,助動詞,*,ナ形容詞,デアル列命令形,わけだ,わけであれ,*
わけであろう,355,355,7779,助動詞,*,ナ形容詞,デアル列基本推量形,わけだ,わけであろう,*
わけであろ,369,369,7779,助動詞,*,ナ形容詞,デアル列基本省略推量形,わけだ,わけであろ,*
わけであれば,362,362,7779,助動詞,*,ナ形容詞,デアル列基本条件形,わけだ,わけであれば,*
わけであり,376,376,7779,助動詞,*,ナ形容詞,デアル列基本連用形,わけだ,わけであり,*
わけであった,299,299,7779,助動詞,*,ナ形容詞,デアル列タ形,わけだ,わけであった,*
わけであったろう,306,306,7779,助動詞,*,ナ形容詞,デアル列タ系推量形,わけだ,わけであったろう,*
わけであったろ,320,320,7779,助動詞,*,ナ形容詞,デアル列タ系省略推量形,わけだ,わけであったろ,*
わけであったら,313,313,7779,助動詞,*,ナ形容詞,デアル列タ系条件形,わけだ,わけであったら,*
わけであって,334,334,7779,助動詞,*,ナ形容詞,デアル列タ系連用テ形,わけだ,わけであって,*
わけであったり,327,327,7779,助動詞,*,ナ形容詞,デアル列タ系連用タリ形,わけだ,わけであったり,*
わけです,425,425,7779,助動詞,*,ナ形容詞,デス列基本形,わけだ,わけです,*
わけでしょう,432,432,7779,助動詞,*,ナ形容詞,デス列基本推量形,わけだ,わけでしょう,*
わけでしょ,439,439,7779,助動詞,*,ナ形容詞,デス列基本省略推量形,わけだ,わけでしょ,*
わけでした,383,383,7779,助動詞,*,ナ形容詞,デス列タ形,わけだ,わけでした,*
わけでしたろう,390,390,7779,助動詞,*,ナ形容詞,デス列タ系推量形,わけだ,わけでしたろう,*
わけでしたろ,404,404,7779,助動詞,*,ナ形容詞,デス列タ系省略推量形,わけだ,わけでしたろ,*
わけでしたら,397,397,7779,助動詞,*,ナ形容詞,デス列タ系条件形,わけだ,わけでしたら,*
わけでして,418,418,7779,助動詞,*,ナ形容詞,デス列タ系連用テ形,わけだ,わけでして,*
わけでしたり,411,411,7779,助動詞,*,ナ形容詞,デス列タ系連用タリ形,わけだ,わけでしたり,*
わけや,481,481,7779,助動詞,*,ナ形容詞,ヤ列基本形,わけだ,わけや,*
わけやろう,488,488,7779,助動詞,*,ナ形容詞,ヤ列基本推量形,わけだ,わけやろう,*
わけやろ,495,495,7779,助動詞,*,ナ形容詞,ヤ列基本省略推量形,わけだ,わけやろ,*
わけやった,446,446,7779,助動詞,*,ナ形容詞,ヤ列タ形,わけだ,わけやった,*
わけやったろう,453,453,7779,助動詞,*,ナ形容詞,ヤ列タ系推量形,わけだ,わけやったろう,*
わけやったろ,467,467,7779,助動詞,*,ナ形容詞,ヤ列タ系省略推量形,わけだ,わけやったろ,*
わけやったら,460,460,7779,助動詞,*,ナ形容詞,ヤ列タ系条件形,わけだ,わけやったら,*
わけやったり,474,474,7779,助動詞,*,ナ形容詞,ヤ列タ系連用タリ形,わけだ,わけやったり,*
よう,508,508,7757,助動詞,*,ナ形容詞,語幹,ようだ,よう,*
ようだ,501,501,7757,助動詞,*,ナ形容詞,基本形,ようだ,ようだ,*
ような,270,270,7757,助動詞,*,ナ形容詞,ダ列基本連体形,ようだ,ような,*
ようだろう,249,249,7757,助動詞,*,ナ形容詞,ダ列基本推量形,ようだ,ようだろう,*
ようだろ,263,263,7757,助動詞,*,ナ形容詞,ダ列基本省略推量形,ようだ,ようだろ,*
ようならば,256,256,7757,助動詞,*,ナ形容詞,ダ列基本条件形,ようだ,ようならば,*
ように,277,277,7757,助動詞,*,ナ形容詞,ダ列基本連用形,ようだ,ように,*
ようだった,200,200,7757,助動詞,*,ナ形容詞,ダ列タ形,ようだ,ようだった,*
ようだったろう,207,207,7757,助動詞,*,ナ形容詞,ダ列タ系推量形,ようだ,ようだったろう,*
ようだったろ,221,221,7757,助動詞,*,ナ形容詞,ダ列タ系省略推量形,ようだ,ようだったろ,*
ようだったら,214,214,7757,助動詞,*,ナ形容詞,ダ列タ系条件形,ようだ,ようだったら,*
ようで,242,242,7757,助動詞,*,ナ形容詞,ダ列タ系連用テ形,ようだ,ようで,*
ようだったり,235,235,7757,助動詞,*,ナ形容詞,ダ列タ系連用タリ形,ようだ,ようだったり,*
ようじゃ,228,228,7757,助動詞,*,ナ形容詞,ダ列タ系連用ジャ形,ようだ,ようじゃ,*
ようなる,291,291,7757,助動詞,*,ナ形容詞,ダ列文語連体形,ようだ,ようなる,*
ようなれば,284,284,7757,助動詞,*,ナ形容詞,ダ列文語条件形,ようだ,ようなれば,*
ようである,347,347,7757,助動詞,*,ナ形容詞,デアル列基本形,ようだ,ようである,*
ようであれ,340,340,7757,助動詞,*,ナ形容詞,デアル列命令形,ようだ,ようであれ,*
ようであろう,354,354,7757,助動詞,*,ナ形容詞,デアル列基本推量形,ようだ,ようであろう,*
ようであろ,368,368,7757,助動詞,*,ナ形容詞,デアル列基本省略推量形,ようだ,ようであろ,*
ようであれば,361,361,7757,助動詞,*,ナ形容詞,デアル列基本条件形,ようだ,ようであれば,*
ようであり,375,375,7757,助動詞,*,ナ形容詞,デアル列基本連用形,ようだ,ようであり,*
ようであった,298,298,7757,助動詞,*,ナ形容詞,デアル列タ形,ようだ,ようであった,*
ようであったろう,305,305,7757,助動詞,*,ナ形容詞,デアル列タ系推量形,ようだ,ようであったろう,*
ようであったろ,319,319,7757,助動詞,*,ナ形容詞,デアル列タ系省略推量形,ようだ,ようであったろ,*
ようであったら,312,312,7757,助動詞,*,ナ形容詞,デアル列タ系条件形,ようだ,ようであったら,*
ようであって,333,333,7757,助動詞,*,ナ形容詞,デアル列タ系連用テ形,ようだ,ようであって,*
ようであったり,326,326,7757,助動詞,*,ナ形容詞,デアル列タ系連用タリ形,ようだ,ようであったり,*
ようです,424,424,7757,助動詞,*,ナ形容詞,デス列基本形,ようだ,ようです,*
ようでしょう,431,431,7757,助動詞,*,ナ形容詞,デス列基本推量形,ようだ,ようでしょう,*
ようでしょ,438,438,7757,助動詞,*,ナ形容詞,デス列基本省略推量形,ようだ,ようでしょ,*
ようでした,382,382,7757,助動詞,*,ナ形容詞,デス列タ形,ようだ,ようでした,*
ようでしたろう,389,389,7757,助動詞,*,ナ形容詞,デス列タ系推量形,ようだ,ようでしたろう,*
ようでしたろ,403,403,7757,助動詞,*,ナ形容詞,デス列タ系省略推量形,ようだ,ようでしたろ,*
ようでしたら,396,396,7757,助動詞,*,ナ形容詞,デス列タ系条件形,ようだ,ようでしたら,*
ようでして,417,417,7757,助動詞,*,ナ形容詞,デス列タ系連用テ形,ようだ,ようでして,*
ようでしたり,410,410,7757,助動詞,*,ナ形容詞,デス列タ系連用タリ形,ようだ,ようでしたり,*
ようや,480,480,7757,助動詞,*,ナ形容詞,ヤ列基本形,ようだ,ようや,*
ようやろう,487,487,7757,助動詞,*,ナ形容詞,ヤ列基本推量形,ようだ,ようやろう,*
ようやろ,494,494,7757,助動詞,*,ナ形容詞,ヤ列基本省略推量形,ようだ,ようやろ,*
ようやった,445,445,7757,助動詞,*,ナ形容詞,ヤ列タ形,ようだ,ようやった,*
ようやったろう,452,452,7757,助動詞,*,ナ形容詞,ヤ列タ系推量形,ようだ,ようやったろう,*
ようやったろ,466,466,7757,助動詞,*,ナ形容詞,ヤ列タ系省略推量形,ようだ,ようやったろ,*
ようやったら,459,459,7757,助動詞,*,ナ形容詞,ヤ列タ系条件形,ようだ,ようやったら,*
ようやったり,473,473,7757,助動詞,*,ナ形容詞,ヤ列タ系連用タリ形,ようだ,ようやったり,*
べき,506,506,8555,助動詞,*,ナ形容詞,語幹,べきだ,べき,*
べきだ,499,499,8555,助動詞,*,ナ形容詞,基本形,べきだ,べきだ,*
べきな,268,268,8555,助動詞,*,ナ形容詞,ダ列基本連体形,べきだ,べきな,*
べきだろう,247,247,8555,助動詞,*,ナ形容詞,ダ列基本推量形,べきだ,べきだろう,*
べきだろ,261,261,8555,助動詞,*,ナ形容詞,ダ列基本省略推量形,べきだ,べきだろ,*
べきならば,254,254,8555,助動詞,*,ナ形容詞,ダ列基本条件形,べきだ,べきならば,*
べきに,275,275,8555,助動詞,*,ナ形容詞,ダ列基本連用形,べきだ,べきに,*
べきだった,198,198,8555,助動詞,*,ナ形容詞,ダ列タ形,べきだ,べきだった,*
べきだったろう,205,205,8555,助動詞,*,ナ形容詞,ダ列タ系推量形,べきだ,べきだったろう,*
べきだったろ,219,219,8555,助動詞,*,ナ形容詞,ダ列タ系省略推量形,べきだ,べきだったろ,*
べきだったら,212,212,8555,助動詞,*,ナ形容詞,ダ列タ系条件形,べきだ,べきだったら,*
べきで,240,240,8555,助動詞,*,ナ形容詞,ダ列タ系連用テ形,べきだ,べきで,*
べきだったり,233,233,8555,助動詞,*,ナ形容詞,ダ列タ系連用タリ形,べきだ,べきだったり,*
べきじゃ,226,226,8555,助動詞,*,ナ形容詞,ダ列タ系連用ジャ形,べきだ,べきじゃ,*
べきなる,289,289,8555,助動詞,*,ナ形容詞,ダ列文語連体形,べきだ,べきなる,*
べきなれば,282,282,8555,助動詞,*,ナ形容詞,ダ列文語条件形,べきだ,べきなれば,*
べきである,345,345,8555,助動詞,*,ナ形容詞,デアル列基本形,べきだ,べきである,*
べきであれ,338,338,8555,助動詞,*,ナ形容詞,デアル列命令形,べきだ,べきであれ,*
べきであろう,352,352,8555,助動詞,*,ナ形容詞,デアル列基本推量形,べきだ,べきであろう,*
べきであろ,366,366,8555,助動詞,*,ナ形容詞,デアル列基本省略推量形,べきだ,べきであろ,*
べきであれば,359,359,8555,助動詞,*,ナ形容詞,デアル列基本条件形,べきだ,べきであれば,*
べきであり,373,373,8555,助動詞,*,ナ形容詞,デアル列基本連用形,べきだ,べきであり,*
べきであった,296,296,8555,助動詞,*,ナ形容詞,デアル列タ形,べきだ,べきであった,*
べきであったろう,303,303,8555,助動詞,*,ナ形容詞,デアル列タ系推量形,べきだ,べきであったろう,*
べきであったろ,317,317,8555,助動詞,*,ナ形容詞,デアル列タ系省略推量形,べきだ,べきであったろ,*
べきであったら,310,310,8555,助動詞,*,ナ形容詞,デアル列タ系条件形,べきだ,べきであったら,*
べきであって,331,331,8555,助動詞,*,ナ形容詞,デアル列タ系連用テ形,べきだ,べきであって,*
べきであったり,324,324,8555,助動詞,*,ナ形容詞,デアル列タ系連用タリ形,べきだ,べきであったり,*
べきです,422,422,8555,助動詞,*,ナ形容詞,デス列基本形,べきだ,べきです,*
べきでしょう,429,429,8555,助動詞,*,ナ形容詞,デス列基本推量形,べきだ,べきでしょう,*
べきでしょ,436,436,8555,助動詞,*,ナ形容詞,デス列基本省略推量形,べきだ,べきでしょ,*
べきでした,380,380,8555,助動詞,*,ナ形容詞,デス列タ形,べきだ,べきでした,*
べきでしたろう,387,387,8555,助動詞,*,ナ形容詞,デス列タ系推量形,べきだ,べきでしたろう,*
べきでしたろ,401,401,8555,助動詞,*,ナ形容詞,デス列タ系省略推量形,べきだ,べきでしたろ,*
べきでしたら,394,394,8555,助動詞,*,ナ形容詞,デス列タ系条件形,べきだ,べきでしたら,*
べきでして,415,415,8555,助動詞,*,ナ形容詞,デス列タ系連用テ形,べきだ,べきでして,*
べきでしたり,408,408,8555,助動詞,*,ナ形容詞,デス列タ系連用タリ形,べきだ,べきでしたり,*
べきや,478,478,8555,助動詞,*,ナ形容詞,ヤ列基本形,べきだ,べきや,*
べきやろう,485,485,8555,助動詞,*,ナ形容詞,ヤ列基本推量形,べきだ,べきやろう,*
べきやろ,492,492,8555,助動詞,*,ナ形容詞,ヤ列基本省略推量形,べきだ,べきやろ,*
べきやった,443,443,8555,助動詞,*,ナ形容詞,ヤ列タ形,べきだ,べきやった,*
べきやったろう,450,450,8555,助動詞,*,ナ形容詞,ヤ列タ系推量形,べきだ,べきやったろう,*
べきやったろ,464,464,8555,助動詞,*,ナ形容詞,ヤ列タ系省略推量形,べきだ,べきやったろ,*
べきやったら,457,457,8555,助動詞,*,ナ形容詞,ヤ列タ系条件形,べきだ,べきやったら,*
べきやったり,471,471,8555,助動詞,*,ナ形容詞,ヤ列タ系連用タリ形,べきだ,べきやったり,*
みたい,507,507,9132,助動詞,*,ナ形容詞,語幹,みたいだ,みたい,*
みたいだ,500,500,9132,助動詞,*,ナ形容詞,基本形,みたいだ,みたいだ,*
みたいな,269,269,9132,助動詞,*,ナ形容詞,ダ列基本連体形,みたいだ,みたいな,*
みたいだろう,248,248,9132,助動詞,*,ナ形容詞,ダ列基本推量形,みたいだ,みたいだろう,*
みたいだろ,262,262,9132,助動詞,*,ナ形容詞,ダ列基本省略推量形,みたいだ,みたいだろ,*
みたいならば,255,255,9132,助動詞,*,ナ形容詞,ダ列基本条件形,みたいだ,みたいならば,*
みたいに,276,276,9132,助動詞,*,ナ形容詞,ダ列基本連用形,みたいだ,みたいに,*
みたいだった,199,199,9132,助動詞,*,ナ形容詞,ダ列タ形,みたいだ,みたいだった,*
みたいだったろう,206,206,9132,助動詞,*,ナ形容詞,ダ列タ系推量形,みたいだ,みたいだったろう,*
みたいだったろ,220,220,9132,助動詞,*,ナ形容詞,ダ列タ系省略推量形,みたいだ,みたいだったろ,*
みたいだったら,213,213,9132,助動詞,*,ナ形容詞,ダ列タ系条件形,みたいだ,みたいだったら,*
みたいで,241,241,9132,助動詞,*,ナ形容詞,ダ列タ系連用テ形,みたいだ,みたいで,*
みたいだったり,234,234,9132,助動詞,*,ナ形容詞,ダ列タ系連用タリ形,みたいだ,みたいだったり,*
みたいじゃ,227,227,9132,助動詞,*,ナ形容詞,ダ列タ系連用ジャ形,みたいだ,みたいじゃ,*
みたいなる,290,290,9132,助動詞,*,ナ形容詞,ダ列文語連体形,みたいだ,みたいなる,*
みたいなれば,283,283,9132,助動詞,*,ナ形容詞,ダ列文語条件形,みたいだ,みたいなれば,*
みたいである,346,346,9132,助動詞,*,ナ形容詞,デアル列基本形,みたいだ,みたいである,*
みたいであれ,339,339,9132,助動詞,*,ナ形容詞,デアル列命令形,みたいだ,みたいであれ,*
みたいであろう,353,353,9132,助動詞,*,ナ形容詞,デアル列基本推量形,みたいだ,みたいであろう,*
みたいであろ,367,367,9132,助動詞,*,ナ形容詞,デアル列基本省略推量形,みたいだ,みたいであろ,*
みたいであれば,360,360,9132,助動詞,*,ナ形容詞,デアル列基本条件形,みたいだ,みたいであれば,*
みたいであり,374,374,9132,助動詞,*,ナ形容詞,デアル列基本連用形,みたいだ,みたいであり,*
みたいであった,297,297,9132,助動詞,*,ナ形容詞,デアル列タ形,みたいだ,みたいであった,*
みたいであったろう,304,304,9132,助動詞,*,ナ形容詞,デアル列タ系推量形,みたいだ,みたいであったろう,*
みたいであったろ,318,318,9132,助動詞,*,ナ形容詞,デアル列タ系省略推量形,みたいだ,みたいであったろ,*
みたいであったら,311,311,9132,助動詞,*,ナ形容詞,デアル列タ系条件形,みたいだ,みたいであったら,*
みたいであって,332,332,9132,助動詞,*,ナ形容詞,デアル列タ系連用テ形,みたいだ,みたいであって,*
みたいであったり,325,325,9132,助動詞,*,ナ形容詞,デアル列タ系連用タリ形,みたいだ,みたいであったり,*
みたいです,423,423,9132,助動詞,*,ナ形容詞,デス列基本形,みたいだ,みたいです,*
みたいでしょう,430,430,9132,助動詞,*,ナ形容詞,デス列基本推量形,みたいだ,みたいでしょう,*
みたいでしょ,437,437,9132,助動詞,*,ナ形容詞,デス列基本省略推量形,みたいだ,みたいでしょ,*
みたいでした,381,381,9132,助動詞,*,ナ形容詞,デス列タ形,みたいだ,みたいでした,*
みたいでしたろう,388,388,9132,助動詞,*,ナ形容詞,デス列タ系推量形,みたいだ,みたいでしたろう,*
みたいでしたろ,402,402,9132,助動詞,*,ナ形容詞,デス列タ系省略推量形,みたいだ,みたいでしたろ,*
みたいでしたら,395,395,9132,助動詞,*,ナ形容詞,デス列タ系条件形,みたいだ,みたいでしたら,*
みたいでして,416,416,9132,助動詞,*,ナ形容詞,デス列タ系連用テ形,みたいだ,みたいでして,*
みたいでしたり,409,409,9132,助動詞,*,ナ形容詞,デス列タ系連用タリ形,みたいだ,みたいでしたり,*
みたいや,479,479,9132,助動詞,*,ナ形容詞,ヤ列基本形,みたいだ,みたいや,*
みたいやろう,486,486,9132,助動詞,*,ナ形容詞,ヤ列基本推量形,みたいだ,みたいやろう,*
みたいやろ,493,493,9132,助動詞,*,ナ形容詞,ヤ列基本省略推量形,みたいだ,みたいやろ,*
みたいやった,444,444,9132,助動詞,*,ナ形容詞,ヤ列タ形,みたいだ,みたいやった,*
みたいやったろう,451,451,9132,助動詞,*,ナ形容詞,ヤ列タ系推量形,みたいだ,みたいやったろう,*
みたいやったろ,465,465,9132,助動詞,*,ナ形容詞,ヤ列タ系省略推量形,みたいだ,みたいやったろ,*
みたいやったら,458,458,9132,助動詞,*,ナ形容詞,ヤ列タ系条件形,みたいだ,みたいやったら,*
みたいやったり,472,472,9132,助動詞,*,ナ形容詞,ヤ列タ系連用タリ形,みたいだ,みたいやったり,*
ふう,505,505,9534,助動詞,*,ナ形容詞,語幹,ふうだ,ふう,*
ふうだ,498,498,9534,助動詞,*,ナ形容詞,基本形,ふうだ,ふうだ,*
ふうな,267,267,9534,助動詞,*,ナ形容詞,ダ列基本連体形,ふうだ,ふうな,*
ふうだろう,246,246,9534,助動詞,*,ナ形容詞,ダ列基本推量形,ふうだ,ふうだろう,*
ふうだろ,260,260,9534,助動詞,*,ナ形容詞,ダ列基本省略推量形,ふうだ,ふうだろ,*
ふうならば,253,253,9534,助動詞,*,ナ形容詞,ダ列基本条件形,ふうだ,ふうならば,*
ふうに,274,274,9534,助動詞,*,ナ形容詞,ダ列基本連用形,ふうだ,ふうに,*
ふうだった,197,197,9534,助動詞,*,ナ形容詞,ダ列タ形,ふうだ,ふうだった,*
ふうだったろう,204,204,9534,助動詞,*,ナ形容詞,ダ列タ系推量形,ふうだ,ふうだったろう,*
ふうだったろ,218,218,9534,助動詞,*,ナ形容詞,ダ列タ系省略推量形,ふうだ,ふうだったろ,*
ふうだったら,211,211,9534,助動詞,*,ナ形容詞,ダ列タ系条件形,ふうだ,ふうだったら,*
ふうで,239,239,9534,助動詞,*,ナ形容詞,ダ列タ系連用テ形,ふうだ,ふうで,*
ふうだったり,232,232,9534,助動詞,*,ナ形容詞,ダ列タ系連用タリ形,ふうだ,ふうだったり,*
ふうじゃ,225,225,9534,助動詞,*,ナ形容詞,ダ列タ系連用ジャ形,ふうだ,ふうじゃ,*
ふうなる,288,288,9534,助動詞,*,ナ形容詞,ダ列文語連体形,ふうだ,ふうなる,*
ふうなれば,281,281,9534,助動詞,*,ナ形容詞,ダ列文語条件形,ふうだ,ふうなれば,*
ふうである,344,344,9534,助動詞,*,ナ形容詞,デアル列基本形,ふうだ,ふうである,*
ふうであれ,337,337,9534,助動詞,*,ナ形容詞,デアル列命令形,ふうだ,ふうであれ,*
ふうであろう,351,351,9534,助動詞,*,ナ形容詞,デアル列基本推量形,ふうだ,ふうであろう,*
ふうであろ,365,365,9534,助動詞,*,ナ形容詞,デアル列基本省略推量形,ふうだ,ふうであろ,*
ふうであれば,358,358,9534,助動詞,*,ナ形容詞,デアル列基本条件形,ふうだ,ふうであれば,*
ふうであり,372,372,9534,助動詞,*,ナ形容詞,デアル列基本連用形,ふうだ,ふうであり,*
ふうであった,295,295,9534,助動詞,*,ナ形容詞,デアル列タ形,ふうだ,ふうであった,*
ふうであったろう,302,302,9534,助動詞,*,ナ形容詞,デアル列タ系推量形,ふうだ,ふうであったろう,*
ふうであったろ,316,316,9534,助動詞,*,ナ形容詞,デアル列タ系省略推量形,ふうだ,ふうであったろ,*
ふうであったら,309,309,9534,助動詞,*,ナ形容詞,デアル列タ系条件形,ふうだ,ふうであったら,*
ふうであって,330,330,9534,助動詞,*,ナ形容詞,デアル列タ系連用テ形,ふうだ,ふうであって,*
ふうであったり,323,323,9534,助動詞,*,ナ形容詞,デアル列タ系連用タリ形,ふうだ,ふうであったり,*
ふうです,421,421,9534,助動詞,*,ナ形容詞,デス列基本形,ふうだ,ふうです,*
ふうでしょう,428,428,9534,助動詞,*,ナ形容詞,デス列基本推量形,ふうだ,ふうでしょう,*
ふうでしょ,435,435,9534,助動詞,*,ナ形容詞,デス列基本省略推量形,ふうだ,ふうでしょ,*
ふうでした,379,379,9534,助動詞,*,ナ形容詞,デス列タ形,ふうだ,ふうでした,*
ふうでしたろう,386,386,9534,助動詞,*,ナ形容詞,デス列タ系推量形,ふうだ,ふうでしたろう,*
ふうでしたろ,400,400,9534,助動詞,*,ナ形容詞,デス列タ系省略推量形,ふうだ,ふうでしたろ,*
ふうでしたら,393,393,9534,助動詞,*,ナ形容詞,デス列タ系条件形,ふうだ,ふうでしたら,*
ふうでして,414,414,9534,助動詞,*,ナ形容詞,デス列タ系連用テ形,ふうだ,ふうでして,*
ふうでしたり,407,407,9534,助動詞,*,ナ形容詞,デス列タ系連用タリ形,ふうだ,ふうでしたり,*
ふうや,477,477,9534,助動詞,*,ナ形容詞,ヤ列基本形,ふうだ,ふうや,*
ふうやろう,484,484,9534,助動詞,*,ナ形容詞,ヤ列基本推量形,ふうだ,ふうやろう,*
ふうやろ,491,491,9534,助動詞,*,ナ形容詞,ヤ列基本省略推量形,ふうだ,ふうやろ,*
ふうやった,442,442,9534,助動詞,*,ナ形容詞,ヤ列タ形,ふうだ,ふうやった,*
ふうやったろう,449,449,9534,助動詞,*,ナ形容詞,ヤ列タ系推量形,ふうだ,ふうやったろう,*
ふうやったろ,463,463,9534,助動詞,*,ナ形容詞,ヤ列タ系省略推量形,ふうだ,ふうやったろ,*
ふうやったら,456,456,9534,助動詞,*,ナ形容詞,ヤ列タ系条件形,ふうだ,ふうやったら,*
ふうやったり,470,470,9534,助動詞,*,ナ形容詞,ヤ列タ系連用タリ形,ふうだ,ふうやったり,*
ばかり,193,193,8756,助動詞,*,ナノ形容詞,語幹,ばかりだ,ばかり,*
ばかりだ,190,190,8756,助動詞,*,ナノ形容詞,基本形,ばかりだ,ばかりだ,*
ばかりな,88,88,8756,助動詞,*,ナノ形容詞,ダ列基本連体形,ばかりだ,ばかりな,*
ばかりの,100,100,8756,助動詞,*,ナノ形容詞,ダ列特殊連体形,ばかりだ,ばかりの,*
ばかりだろう,79,79,8756,助動詞,*,ナノ形容詞,ダ列基本推量形,ばかりだ,ばかりだろう,*
ばかりだろ,85,85,8756,助動詞,*,ナノ形容詞,ダ列基本省略推量形,ばかりだ,ばかりだろ,*
ばかりならば,82,82,8756,助動詞,*,ナノ形容詞,ダ列基本条件形,ばかりだ,ばかりならば,*
ばかりに,91,91,8756,助動詞,*,ナノ形容詞,ダ列基本連用形,ばかりだ,ばかりに,*
ばかりだった,58,58,8756,助動詞,*,ナノ形容詞,ダ列タ形,ばかりだ,ばかりだった,*
ばかりだったろう,61,61,8756,助動詞,*,ナノ形容詞,ダ列タ系推量形,ばかりだ,ばかりだったろう,*
ばかりだったろ,67,67,8756,助動詞,*,ナノ形容詞,ダ列タ系省略推量形,ばかりだ,ばかりだったろ,*
ばかりだったら,64,64,8756,助動詞,*,ナノ形容詞,ダ列タ系条件形,ばかりだ,ばかりだったら,*
ばかりで,76,76,8756,助動詞,*,ナノ形容詞,ダ列タ系連用テ形,ばかりだ,ばかりで,*
ばかりだったり,73,73,8756,助動詞,*,ナノ形容詞,ダ列タ系連用タリ形,ばかりだ,ばかりだったり,*
ばかりじゃ,70,70,8756,助動詞,*,ナノ形容詞,ダ列タ系連用ジャ形,ばかりだ,ばかりじゃ,*
ばかりなる,97,97,8756,助動詞,*,ナノ形容詞,ダ列文語連体形,ばかりだ,ばかりなる,*
ばかりなれば,94,94,8756,助動詞,*,ナノ形容詞,ダ列文語条件形,ばかりだ,ばかりなれば,*
ばかりである,124,124,8756,助動詞,*,ナノ形容詞,デアル列基本形,ばかりだ,ばかりである,*
ばかりであれ,121,121,8756,助動詞,*,ナノ形容詞,デアル列命令形,ばかりだ,ばかりであれ,*
ばかりであろう,127,127,8756,助動詞,*,ナノ形容詞,デアル列基本推量形,ばかりだ,ばかりであろう,*
ばかりであろ,133,133,8756,助動詞,*,ナノ形容詞,デアル列基本省略推量形,ばかりだ,ばかりであろ,*
ばかりであれば,130,130,8756,助動詞,*,ナノ形容詞,デアル列基本条件形,ばかりだ,ばかりであれば,*
ばかりであり,136,136,8756,助動詞,*,ナノ形容詞,デアル列基本連用形,ばかりだ,ばかりであり,*
ばかりであった,103,103,8756,助動詞,*,ナノ形容詞,デアル列タ形,ばかりだ,ばかりであった,*
ばかりであったろう,106,106,8756,助動詞,*,ナノ形容詞,デアル列タ系推量形,ばかりだ,ばかりであったろう,*
ばかりであったろ,112,112,8756,助動詞,*,ナノ形容詞,デアル列タ系省略推量形,ばかりだ,ばかりであったろ,*
ばかりであったら,109,109,8756,助動詞,*,ナノ形容詞,デアル列タ系条件形,ばかりだ,ばかりであったら,*
ばかりであって,118,118,8756,助動詞,*,ナノ形容詞,デアル列タ系連用テ形,ばかりだ,ばかりであって,*
ばかりであったり,115,115,8756,助動詞,*,ナノ形容詞,デアル列タ系連用タリ形,ばかりだ,ばかりであったり,*
ばかりです,157,157,8756,助動詞,*,ナノ形容詞,デス列基本形,ばかりだ,ばかりです,*
ばかりでしょう,160,160,8756,助動詞,*,ナノ形容詞,デス列基本推量形,ばかりだ,ばかりでしょう,*
ばかりでしょ,163,163,8756,助動詞,*,ナノ形容詞,デス列基本省略推量形,ばかりだ,ばかりでしょ,*
ばかりでした,139,139,8756,助動詞,*,ナノ形容詞,デス列タ形,ばかりだ,ばかりでした,*
ばかりでしたろう,142,142,8756,助動詞,*,ナノ形容詞,デス列タ系推量形,ばかりだ,ばかりでしたろう,*
ばかりでしたろ,148,148,8756,助動詞,*,ナノ形容詞,デス列タ系省略推量形,ばかりだ,ばかりでしたろ,*
ばかりでしたら,145,145,8756,助動詞,*,ナノ形容詞,デス列タ系条件形,ばかりだ,ばかりでしたら,*
ばかりでして,154,154,8756,助動詞,*,ナノ形容詞,デス列タ系連用テ形,ばかりだ,ばかりでして,*
ばかりでしたり,151,151,8756,助動詞,*,ナノ形容詞,デス列タ系連用タリ形,ばかりだ,ばかりでしたり,*
ばかりや,181,181,8756,助動詞,*,ナノ形容詞,ヤ列基本形,ばかりだ,ばかりや,*
ばかりやろう,184,184,8756,助動詞,*,ナノ形容詞,ヤ列基本推量形,ばかりだ,ばかりやろう,*
ばかりやろ,187,187,8756,助動詞,*,ナノ形容詞,ヤ列基本省略推量形,ばかりだ,ばかりやろ,*
ばかりやった,166,166,8756,助動詞,*,ナノ形容詞,ヤ列タ形,ばかりだ,ばかりやった,*
ばかりやったろう,169,169,8756,助動詞,*,ナノ形容詞,ヤ列タ系推量形,ばかりだ,ばかりやったろう,*
ばかりやったろ,175,175,8756,助動詞,*,ナノ形容詞,ヤ列タ系省略推量形,ばかりだ,ばかりやったろ,*
ばかりやったら,172,172,8756,助動詞,*,ナノ形容詞,ヤ列タ系条件形,ばかりだ,ばかりやったら,*
ばかりやったり,178,178,8756,助動詞,*,ナノ形容詞,ヤ列タ系連用タリ形,ばかりだ,ばかりやったり,*
ばっかり,195,195,9789,助動詞,*,ナノ形容詞,語幹,ばっかりだ,ばっかり,標準:ばかりだ/ばかりだ
ばっかりだ,192,192,9789,助動詞,*,ナノ形容詞,基本形,ばっかりだ,ばっかりだ,標準:ばかりだ/ばかりだ
ばっかりな,90,90,9789,助動詞,*,ナノ形容詞,ダ列基本連体形,ばっかりだ,ばっかりな,標準:ばかりだ/ばかりだ
ばっかりの,102,102,9789,助動詞,*,ナノ形容詞,ダ列特殊連体形,ばっかりだ,ばっかりの,標準:ばかりだ/ばかりだ
ばっかりだろう,81,81,9789,助動詞,*,ナノ形容詞,ダ列基本推量形,ばっかりだ,ばっかりだろう,標準:ばかりだ/ばかりだ
ばっかりだろ,87,87,9789,助動詞,*,ナノ形容詞,ダ列基本省略推量形,ばっかりだ,ばっかりだろ,標準:ばかりだ/ばかりだ
ばっかりならば,84,84,9789,助動詞,*,ナノ形容詞,ダ列基本条件形,ばっかりだ,ばっかりならば,標準:ばかりだ/ばかりだ
ばっかりに,93,93,9789,助動詞,*,ナノ形容詞,ダ列基本連用形,ばっかりだ,ばっかりに,標準:ばかりだ/ばかりだ
ばっかりだった,60,60,9789,助動詞,*,ナノ形容詞,ダ列タ形,ばっかりだ,ばっかりだった,標準:ばかりだ/ばかりだ
ばっかりだったろう,63,63,9789,助動詞,*,ナノ形容詞,ダ列タ系推量形,ばっかりだ,ばっかりだったろう,標準:ばかりだ/ばかりだ
ばっかりだったろ,69,69,9789,助動詞,*,ナノ形容詞,ダ列タ系省略推量形,ばっかりだ,ばっかりだったろ,標準:ばかりだ/ばかりだ
ばっかりだったら,66,66,9789,助動詞,*,ナノ形容詞,ダ列タ系条件形,ばっかりだ,ばっかりだったら,標準:ばかりだ/ばかりだ
ばっかりで,78,78,9789,助動詞,*,ナノ形容詞,ダ列タ系連用テ形,ばっかりだ,ばっかりで,標準:ばかりだ/ばかりだ
ばっかりだったり,75,75,9789,助動詞,*,ナノ形容詞,ダ列タ系連用タリ形,ばっかりだ,ばっかりだったり,標準:ばかりだ/ばかりだ
ばっかりじゃ,72,72,9789,助動詞,*,ナノ形容詞,ダ列タ系連用ジャ形,ばっかりだ,ばっかりじゃ,標準:ばかりだ/ばかりだ
ばっかりなる,99,99,9789,助動詞,*,ナノ形容詞,ダ列文語連体形,ばっかりだ,ばっかりなる,標準:ばかりだ/ばかりだ
ばっかりなれば,96,96,9789,助動詞,*,ナノ形容詞,ダ列文語条件形,ばっかりだ,ばっかりなれば,標準:ばかりだ/ばかりだ
ばっかりである,126,126,9789,助動詞,*,ナノ形容詞,デアル列基本形,ばっかりだ,ばっかりである,標準:ばかりだ/ばかりだ
ばっかりであれ,123,123,9789,助動詞,*,ナノ形容詞,デアル列命令形,ばっかりだ,ばっかりであれ,標準:ばかりだ/ばかりだ
ばっかりであろう,129,129,9789,助動詞,*,ナノ形容詞,デアル列基本推量形,ばっかりだ,ばっかりであろう,標準:ばかりだ/ばかりだ
ばっかりであろ,135,135,9789,助動詞,*,ナノ形容詞,デアル列基本省略推量形,ばっかりだ,ばっかりであろ,標準:ばかりだ/ばかりだ
ばっかりであれば,132,132,9789,助動詞,*,ナノ形容詞,デアル列基本条件形,ばっかりだ,ばっかりであれば,標準:ばかりだ/ばかりだ
ばっかりであり,138,138,9789,助動詞,*,ナノ形容詞,デアル列基本連用形,ばっかりだ,ばっかりであり,標準:ばかりだ/ばかりだ
ばっかりであった,105,105,9789,助動詞,*,ナノ形容詞,デアル列タ形,ばっかりだ,ばっかりであった,標準:ばかりだ/ばかりだ
ばっかりであったろう,108,108,9789,助動詞,*,ナノ形容詞,デアル列タ系推量形,ばっかりだ,ばっかりであったろう,標準:ばかりだ/ばかりだ
ばっかりであったろ,114,114,9789,助動詞,*,ナノ形容詞,デアル列タ系省略推量形,ばっかりだ,ばっかりであったろ,標準:ばかりだ/ばかりだ
ばっかりであったら,111,111,9789,助動詞,*,ナノ形容詞,デアル列タ系条件形,ばっかりだ,ばっかりであったら,標準:ばかりだ/ばかりだ
ばっかりであって,120,120,9789,助動詞,*,ナノ形容詞,デアル列タ系連用テ形,ばっかりだ,ばっかりであって,標準:ばかりだ/ばかりだ
ばっかりであったり,117,117,9789,助動詞,*,ナノ形容詞,デアル列タ系連用タリ形,ばっかりだ,ばっかりであったり,標準:ばかりだ/ばかりだ
ばっかりです,159,159,9789,助動詞,*,ナノ形容詞,デス列基本形,ばっかりだ,ばっかりです,標準:ばかりだ/ばかりだ
ばっかりでしょう,162,162,9789,助動詞,*,ナノ形容詞,デス列基本推量形,ばっかりだ,ばっかりでしょう,標準:ばかりだ/ばかりだ
ばっかりでしょ,165,165,9789,助動詞,*,ナノ形容詞,デス列基本省略推量形,ばっかりだ,ばっかりでしょ,標準:ばかりだ/ばかりだ
ばっかりでした,141,141,9789,助動詞,*,ナノ形容詞,デス列タ形,ばっかりだ,ばっかりでした,標準:ばかりだ/ばかりだ
ばっかりでしたろう,144,144,9789,助動詞,*,ナノ形容詞,デス列タ系推量形,ばっかりだ,ばっかりでしたろう,標準:ばかりだ/ばかりだ
ばっかりでしたろ,150,150,9789,助動詞,*,ナノ形容詞,デス列タ系省略推量形,ばっかりだ,ばっかりでしたろ,標準:ばかりだ/ばかりだ
ばっかりでしたら,147,147,9789,助動詞,*,ナノ形容詞,デス列タ系条件形,ばっかりだ,ばっかりでしたら,標準:ばかりだ/ばかりだ
ばっかりでして,156,156,9789,助動詞,*,ナノ形容詞,デス列タ系連用テ形,ばっかりだ,ばっかりでして,標準:ばかりだ/ばかりだ
ばっかりでしたり,153,153,9789,助動詞,*,ナノ形容詞,デス列タ系連用タリ形,ばっかりだ,ばっかりでしたり,標準:ばかりだ/ばかりだ
ばっかりや,183,183,9789,助動詞,*,ナノ形容詞,ヤ列基本形,ばっかりだ,ばっかりや,標準:ばかりだ/ばかりだ
ばっかりやろう,186,186,9789,助動詞,*,ナノ形容詞,ヤ列基本推量形,ばっかりだ,ばっかりやろう,標準:ばかりだ/ばかりだ
ばっかりやろ,189,189,9789,助動詞,*,ナノ形容詞,ヤ列基本省略推量形,ばっかりだ,ばっかりやろ,標準:ばかりだ/ばかりだ
ばっかりやった,168,168,9789,助動詞,*,ナノ形容詞,ヤ列タ形,ばっかりだ,ばっかりやった,標準:ばかりだ/ばかりだ
ばっかりやったろう,171,171,9789,助動詞,*,ナノ形容詞,ヤ列タ系推量形,ばっかりだ,ばっかりやったろう,標準:ばかりだ/ばかりだ
ばっかりやったろ,177,177,9789,助動詞,*,ナノ形容詞,ヤ列タ系省略推量形,ばっかりだ,ばっかりやったろ,標準:ばかりだ/ばかりだ
ばっかりやったら,174,174,9789,助動詞,*,ナノ形容詞,ヤ列タ系条件形,ばっかりだ,ばっかりやったら,標準:ばかりだ/ばかりだ
ばっかりやったり,180,180,9789,助動詞,*,ナノ形容詞,ヤ列タ系連用タリ形,ばっかりだ,ばっかりやったり,標準:ばかりだ/ばかりだ
ばっか,194,194,10151,助動詞,*,ナノ形容詞,語幹,ばっかだ,ばっか,標準:ばかりだ/ばかりだ
ばっかだ,191,191,10151,助動詞,*,ナノ形容詞,基本形,ばっかだ,ばっかだ,標準:ばかりだ/ばかりだ
ばっかな,89,89,10151,助動詞,*,ナノ形容詞,ダ列基本連体形,ばっかだ,ばっかな,標準:ばかりだ/ばかりだ
ばっかの,101,101,10151,助動詞,*,ナノ形容詞,ダ列特殊連体形,ばっかだ,ばっかの,標準:ばかりだ/ばかりだ
ばっかだろう,80,80,10151,助動詞,*,ナノ形容詞,ダ列基本推量形,ばっかだ,ばっかだろう,標準:ばかりだ/ばかりだ
ばっかだろ,86,86,10151,助動詞,*,ナノ形容詞,ダ列基本省略推量形,ばっかだ,ばっかだろ,標準:ばかりだ/ばかりだ
ばっかならば,83,83,10151,助動詞,*,ナノ形容詞,ダ列基本条件形,ばっかだ,ばっかならば,標準:ばかりだ/ばかりだ
ばっかに,92,92,10151,助動詞,*,ナノ形容詞,ダ列基本連用形,ばっかだ,ばっかに,標準:ばかりだ/ばかりだ
ばっかだった,59,59,10151,助動詞,*,ナノ形容詞,ダ列タ形,ばっかだ,ばっかだった,標準:ばかりだ/ばかりだ
ばっかだったろう,62,62,10151,助動詞,*,ナノ形容詞,ダ列タ系推量形,ばっかだ,ばっかだったろう,標準:ばかりだ/ばかりだ
ばっかだったろ,68,68,10151,助動詞,*,ナノ形容詞,ダ列タ系省略推量形,ばっかだ,ばっかだったろ,標準:ばかりだ/ばかりだ
ばっかだったら,65,65,10151,助動詞,*,ナノ形容詞,ダ列タ系条件形,ばっかだ,ばっかだったら,標準:ばかりだ/ばかりだ
ばっかで,77,77,10151,助動詞,*,ナノ形容詞,ダ列タ系連用テ形,ばっかだ,ばっかで,標準:ばかりだ/ばかりだ
ばっかだったり,74,74,10151,助動詞,*,ナノ形容詞,ダ列タ系連用タリ形,ばっかだ,ばっかだったり,標準:ばかりだ/ばかりだ
ばっかじゃ,71,71,10151,助動詞,*,ナノ形容詞,ダ列タ系連用ジャ形,ばっかだ,ばっかじゃ,標準:ばかりだ/ばかりだ
ばっかなる,98,98,10151,助動詞,*,ナノ形容詞,ダ列文語連体形,ばっかだ,ばっかなる,標準:ばかりだ/ばかりだ
ばっかなれば,95,95,10151,助動詞,*,ナノ形容詞,ダ列文語条件形,ばっかだ,ばっかなれば,標準:ばかりだ/ばかりだ
ばっかである,125,125,10151,助動詞,*,ナノ形容詞,デアル列基本形,ばっかだ,ばっかである,標準:ばかりだ/ばかりだ
ばっかであれ,122,122,10151,助動詞,*,ナノ形容詞,デアル列命令形,ばっかだ,ばっかであれ,標準:ばかりだ/ばかりだ
ばっかであろう,128,128,10151,助動詞,*,ナノ形容詞,デアル列基本推量形,ばっかだ,ばっかであろう,標準:ばかりだ/ばかりだ
ばっかであろ,134,134,10151,助動詞,*,ナノ形容詞,デアル列基本省略推量形,ばっかだ,ばっかであろ,標準:ばかりだ/ばかりだ
ばっかであれば,131,131,10151,助動詞,*,ナノ形容詞,デアル列基本条件形,ばっかだ,ばっかであれば,標準:ばかりだ/ばかりだ
ばっかであり,137,137,10151,助動詞,*,ナノ形容詞,デアル列基本連用形,ばっかだ,ばっかであり,標準:ばかりだ/ばかりだ
ばっかであった,104,104,10151,助動詞,*,ナノ形容詞,デアル列タ形,ばっかだ,ばっかであった,標準:ばかりだ/ばかりだ
ばっかであったろう,107,107,10151,助動詞,*,ナノ形容詞,デアル列タ系推量形,ばっかだ,ばっかであったろう,標準:ばかりだ/ばかりだ
ばっかであったろ,113,113,10151,助動詞,*,ナノ形容詞,デアル列タ系省略推量形,ばっかだ,ばっかであったろ,標準:ばかりだ/ばかりだ
ばっかであったら,110,110,10151,助動詞,*,ナノ形容詞,デアル列タ系条件形,ばっかだ,ばっかであったら,標準:ばかりだ/ばかりだ
ばっかであって,119,119,10151,助動詞,*,ナノ形容詞,デアル列タ系連用テ形,ばっかだ,ばっかであって,標準:ばかりだ/ばかりだ
ばっかであったり,116,116,10151,助動詞,*,ナノ形容詞,デアル列タ系連用タリ形,ばっかだ,ばっかであったり,標準:ばかりだ/ばかりだ
ばっかです,158,158,10151,助動詞,*,ナノ形容詞,デス列基本形,ばっかだ,ばっかです,標準:ばかりだ/ばかりだ
ばっかでしょう,161,161,10151,助動詞,*,ナノ形容詞,デス列基本推量形,ばっかだ,ばっかでしょう,標準:ばかりだ/ばかりだ
ばっかでしょ,164,164,10151,助動詞,*,ナノ形容詞,デス列基本省略推量形,ばっかだ,ばっかでしょ,標準:ばかりだ/ばかりだ
ばっかでした,140,140,10151,助動詞,*,ナノ形容詞,デス列タ形,ばっかだ,ばっかでした,標準:ばかりだ/ばかりだ
ばっかでしたろう,143,143,10151,助動詞,*,ナノ形容詞,デス列タ系推量形,ばっかだ,ばっかでしたろう,標準:ばかりだ/ばかりだ
ばっかでしたろ,149,149,10151,助動詞,*,ナノ形容詞,デス列タ系省略推量形,ばっかだ,ばっかでしたろ,標準:ばかりだ/ばかりだ
ばっかでしたら,146,146,10151,助動詞,*,ナノ形容詞,デス列タ系条件形,ばっかだ,ばっかでしたら,標準:ばかりだ/ばかりだ
ばっかでして,155,155,10151,助動詞,*,ナノ形容詞,デス列タ系連用テ形,ばっかだ,ばっかでして,標準:ばかりだ/ばかりだ
ばっかでしたり,152,152,10151,助動詞,*,ナノ形容詞,デス列タ系連用タリ形,ばっかだ,ばっかでしたり,標準:ばかりだ/ばかりだ
ばっかや,182,182,10151,助動詞,*,ナノ形容詞,ヤ列基本形,ばっかだ,ばっかや,標準:ばかりだ/ばかりだ
ばっかやろう,185,185,10151,助動詞,*,ナノ形容詞,ヤ列基本推量形,ばっかだ,ばっかやろう,標準:ばかりだ/ばかりだ
ばっかやろ,188,188,10151,助動詞,*,ナノ形容詞,ヤ列基本省略推量形,ばっかだ,ばっかやろ,標準:ばかりだ/ばかりだ
ばっかやった,167,167,10151,助動詞,*,ナノ形容詞,ヤ列タ形,ばっかだ,ばっかやった,標準:ばかりだ/ばかりだ
ばっかやったろう,170,170,10151,助動詞,*,ナノ形容詞,ヤ列タ系推量形,ばっかだ,ばっかやったろう,標準:ばかりだ/ばかりだ
ばっかやったろ,176,176,10151,助動詞,*,ナノ形容詞,ヤ列タ系省略推量形,ばっかだ,ばっかやったろ,標準:ばかりだ/ばかりだ
ばっかやったら,173,173,10151,助動詞,*,ナノ形容詞,ヤ列タ系条件形,ばっかだ,ばっかやったら,標準:ばかりだ/ばかりだ
ばっかやったり,179,179,10151,助動詞,*,ナノ形容詞,ヤ列タ系連用タリ形,ばっかだ,ばっかやったり,標準:ばかりだ/ばかりだ
はず,580,580,7666,助動詞,*,判定詞,語幹,はずだ,はず,*
はずだ,578,578,7666,助動詞,*,判定詞,基本形,はずだ,はずだ,*
はずな,532,532,7666,助動詞,*,判定詞,ダ列基本連体形,はずだ,はずな,*
はずの,534,534,7666,助動詞,*,判定詞,ダ列特殊連体形,はずだ,はずの,*
はずだろう,526,526,7666,助動詞,*,判定詞,ダ列基本推量形,はずだ,はずだろう,*
はずだろ,530,530,7666,助動詞,*,判定詞,ダ列基本省略推量形,はずだ,はずだろ,*
はずならば,528,528,7666,助動詞,*,判定詞,ダ列基本条件形,はずだ,はずならば,*
はずだった,512,512,7666,助動詞,*,判定詞,ダ列タ形,はずだ,はずだった,*
はずだったろう,514,514,7666,助動詞,*,判定詞,ダ列タ系推量形,はずだ,はずだったろう,*
はずだったろ,518,518,7666,助動詞,*,判定詞,ダ列タ系省略推量形,はずだ,はずだったろ,*
はずだったら,516,516,7666,助動詞,*,判定詞,ダ列タ系条件形,はずだ,はずだったら,*
はずで,524,524,7666,助動詞,*,判定詞,ダ列タ系連用テ形,はずだ,はずで,*
はずだったり,522,522,7666,助動詞,*,判定詞,ダ列タ系連用タリ形,はずだ,はずだったり,*
はずじゃ,520,520,7666,助動詞,*,判定詞,ダ列タ系連用ジャ形,はずだ,はずじゃ,*
はずである,550,550,7666,助動詞,*,判定詞,デアル列基本形,はずだ,はずである,*
はずであれ,548,548,7666,助動詞,*,判定詞,デアル列命令形,はずだ,はずであれ,*
はずであろう,552,552,7666,助動詞,*,判定詞,デアル列基本推量形,はずだ,はずであろう,*
はずであろ,556,556,7666,助動詞,*,判定詞,デアル列基本省略推量形,はずだ,はずであろ,*
はずであれば,554,554,7666,助動詞,*,判定詞,デアル列基本条件形,はずだ,はずであれば,*
はずであり,558,558,7666,助動詞,*,判定詞,デアル列基本連用形,はずだ,はずであり,*
はずであった,536,536,7666,助動詞,*,判定詞,デアル列タ形,はずだ,はずであった,*
はずであったろう,538,538,7666,助動詞,*,判定詞,デアル列タ系推量形,はずだ,はずであったろう,*
はずであったろ,542,542,7666,助動詞,*,判定詞,デアル列タ系省略推量形,はずだ,はずであったろ,*
はずであったら,540,540,7666,助動詞,*,判定詞,デアル列タ系条件形,はずだ,はずであったら,*
はずであって,546,546,7666,助動詞,*,判定詞,デアル列タ系連用テ形,はずだ,はずであって,*
はずであったり,544,544,7666,助動詞,*,判定詞,デアル列タ系連用タリ形,はずだ,はずであったり,*
はずです,572,572,7666,助動詞,*,判定詞,デス列基本形,はずだ,はずです,*
はずでしょう,574,574,7666,助動詞,*,判定詞,デス列基本推量形,はずだ,はずでしょう,*
はずでしょ,576,576,7666,助動詞,*,判定詞,デス列基本省略推量形,はずだ,はずでしょ,*
はずでした,560,560,7666,助動詞,*,判定詞,デス列タ形,はずだ,はずでした,*
はずでしたろう,562,562,7666,助動詞,*,判定詞,デス列タ系推量形,はずだ,はずでしたろう,*
はずでしたろ,566,566,7666,助動詞,*,判定詞,デス列タ系省略推量形,はずだ,はずでしたろ,*
はずでしたら,564,564,7666,助動詞,*,判定詞,デス列タ系条件形,はずだ,はずでしたら,*
はずでして,570,570,7666,助動詞,*,判定詞,デス列タ系連用テ形,はずだ,はずでして,*
はずでしたり,568,568,7666,助動詞,*,判定詞,デス列タ系連用タリ形,はずだ,はずでしたり,*
つもり,579,579,8443,助動詞,*,判定詞,語幹,つもりだ,つもり,*
つもりだ,577,577,8443,助動詞,*,判定詞,基本形,つもりだ,つもりだ,*
つもりな,531,531,8443,助動詞,*,判定詞,ダ列基本連体形,つもりだ,つもりな,*
つもりの,533,533,8443,助動詞,*,判定詞,ダ列特殊連体形,つもりだ,つもりの,*
つもりだろう,525,525,8443,助動詞,*,判定詞,ダ列基本推量形,つもりだ,つもりだろう,*
つもりだろ,529,529,8443,助動詞,*,判定詞,ダ列基本省略推量形,つもりだ,つもりだろ,*
つもりならば,527,527,8443,助動詞,*,判定詞,ダ列基本条件形,つもりだ,つもりならば,*
つもりだった,511,511,8443,助動詞,*,判定詞,ダ列タ形,つもりだ,つもりだった,*
つもりだったろう,513,513,8443,助動詞,*,判定詞,ダ列タ系推量形,つもりだ,つもりだったろう,*
つもりだったろ,517,517,8443,助動詞,*,判定詞,ダ列タ系省略推量形,つもりだ,つもりだったろ,*
つもりだったら,515,515,8443,助動詞,*,判定詞,ダ列タ系条件形,つもりだ,つもりだったら,*
つもりで,523,523,8443,助動詞,*,判定詞,ダ列タ系連用テ形,つもりだ,つもりで,*
つもりだったり,521,521,8443,助動詞,*,判定詞,ダ列タ系連用タリ形,つもりだ,つもりだったり,*
つもりじゃ,519,519,8443,助動詞,*,判定詞,ダ列タ系連用ジャ形,つもりだ,つもりじゃ,*
つもりである,549,549,8443,助動詞,*,判定詞,デアル列基本形,つもりだ,つもりである,*
つもりであれ,547,547,8443,助動詞,*,判定詞,デアル列命令形,つもりだ,つもりであれ,*
つもりであろう,551,551,8443,助動詞,*,判定詞,デアル列基本推量形,つもりだ,つもりであろう,*
つもりであろ,555,555,8443,助動詞,*,判定詞,デアル列基本省略推量形,つもりだ,つもりであろ,*
つもりであれば,553,553,8443,助動詞,*,判定詞,デアル列基本条件形,つもりだ,つもりであれば,*
つもりであり,557,557,8443,助動詞,*,判定詞,デアル列基本連用形,つもりだ,つもりであり,*
つもりであった,535,535,8443,助動詞,*,判定詞,デアル列タ形,つもりだ,つもりであった,*
つもりであったろう,537,537,8443,助動詞,*,判定詞,デアル列タ系推量形,つもりだ,つもりであったろう,*
つもりであったろ,541,541,8443,助動詞,*,判定詞,デアル列タ系省略推量形,つもりだ,つもりであったろ,*
つもりであったら,539,539,8443,助動詞,*,判定詞,デアル列タ系条件形,つもりだ,つもりであったら,*
つもりであって,545,545,8443,助動詞,*,判定詞,デアル列タ系連用テ形,つもりだ,つもりであって,*
つもりであったり,543,543,8443,助動詞,*,判定詞,デアル列タ系連用タリ形,つもりだ,つもりであったり,*
つもりです,571,571,8443,助動詞,*,判定詞,デス列基本形,つもりだ,つもりです,*
つもりでしょう,573,573,8443,助動詞,*,判定詞,デス列基本推量形,つもりだ,つもりでしょう,*
つもりでしょ,575,575,8443,助動詞,*,判定詞,デス列基本省略推量形,つもりだ,つもりでしょ,*
つもりでした,559,559,8443,助動詞,*,判定詞,デス列タ形,つもりだ,つもりでした,*
つもりでしたろう,561,561,8443,助動詞,*,判定詞,デス列タ系推量形,つもりだ,つもりでしたろう,*
つもりでしたろ,565,565,8443,助動詞,*,判定詞,デス列タ系省略推量形,つもりだ,つもりでしたろ,*
つもりでしたら,563,563,8443,助動詞,*,判定詞,デス列タ系条件形,つもりだ,つもりでしたら,*
つもりでして,569,569,8443,助動詞,*,判定詞,デス列タ系連用テ形,つもりだ,つもりでして,*
つもりでしたり,567,567,8443,助動詞,*,判定詞,デス列タ系連用タリ形,つもりだ,つもりでしたり,*
ぬ,612,612,7152,助動詞,*,助動詞ぬ型,基本形,ぬ,ぬ,*
ねば,614,614,7152,助動詞,*,助動詞ぬ型,基本条件形,ぬ,ねば,*
ず,616,616,7152,助動詞,*,助動詞ぬ型,基本連用形,ぬ,ず,*
ぬだろう,613,613,7152,助動詞,*,助動詞ぬ型,基本推量形,ぬ,ぬだろう,*
ぬだろ,615,615,7152,助動詞,*,助動詞ぬ型,基本省略推量形,ぬ,ぬだろ,*
なんだ,607,607,7152,助動詞,*,助動詞ぬ型,タ形,ぬ,なんだ,*
なんだら,609,609,7152,助動詞,*,助動詞ぬ型,タ系条件形,ぬ,なんだら,*
ないで,611,611,7152,助動詞,*,助動詞ぬ型,タ系連用テ形,ぬ,ないで,*
なんだろう,608,608,7152,助動詞,*,助動詞ぬ型,タ系推量形,ぬ,なんだろう,*
なんだろ,610,610,7152,助動詞,*,助動詞ぬ型,タ系省略推量形,ぬ,なんだろ,*
ん,620,620,7152,助動詞,*,助動詞ぬ型,音便基本形,ぬ,ん,*
んだろう,621,621,7152,助動詞,*,助動詞ぬ型,音便推量形,ぬ,んだろう,*
んだろ,622,622,7152,助動詞,*,助動詞ぬ型,音便省略推量形,ぬ,んだろ,*
ざる,618,618,7152,助動詞,*,助動詞ぬ型,文語連体形,ぬ,ざる,*
ざれば,617,617,7152,助動詞,*,助動詞ぬ型,文語条件形,ぬ,ざれば,*
ずんば,619,619,7152,助動詞,*,助動詞ぬ型,文語音便条件形,ぬ,ずんば,*
そう,597,597,7313,助動詞,*,助動詞そうだ型,語幹,そうだ,そう,*
そうだ,596,596,7313,助動詞,*,助動詞そうだ型,基本形,そうだ,そうだ,*
そうで,593,593,7313,助動詞,*,助動詞そうだ型,ダ列タ系連用テ形,そうだ,そうで,*
そうである,594,594,7313,助動詞,*,助動詞そうだ型,デアル列基本形,そうだ,そうである,*
そうです,595,595,7313,助動詞,*,助動詞そうだ型,デス列基本形,そうだ,そうです,*
だろう,606,606,9013,助動詞,*,助動詞だろう型,基本形,だろう,だろう,*
だろ,599,599,9013,助動詞,*,助動詞だろう型,ダ列基本省略推量形,だろう,だろ,*
ならば,598,598,9013,助動詞,*,助動詞だろう型,ダ列基本条件形,だろう,ならば,*
であろう,600,600,9013,助動詞,*,助動詞だろう型,デアル列基本推量形,だろう,であろう,*
であろ,601,601,9013,助動詞,*,助動詞だろう型,デアル列基本省略推量形,だろう,であろ,*
でしょう,602,602,9013,助動詞,*,助動詞だろう型,デス列基本推量形,だろう,でしょう,*
でしょ,603,603,9013,助動詞,*,助動詞だろう型,デス列基本省略推量形,だろう,でしょ,*
やろう,604,604,9013,助動詞,*,助動詞だろう型,ヤ列基本推量形,だろう,やろう,*
やろ,605,605,9013,助動詞,*,助動詞だろう型,ヤ列基本省略推量形,だろう,やろ,*
べ,591,591,7967,助動詞,*,助動詞く型,語幹,べし,べ,*
べし,582,582,7967,助動詞,*,助動詞く型,基本形,べし,べし,*
べく,585,585,7967,助動詞,*,助動詞く型,基本連用形,べし,べく,*
べき,588,588,7967,助動詞,*,助動詞く型,文語連体形,べし,べき,*
ごと,590,590,9197,助動詞,*,助動詞く型,語幹,ごとし,ごと,*
ごとし,581,581,9197,助動詞,*,助動詞く型,基本形,ごとし,ごとし,*
ごとく,584,584,9197,助動詞,*,助動詞く型,基本連用形,ごとし,ごとく,*
ごとき,587,587,9197,助動詞,*,助動詞く型,文語連体形,ごとし,ごとき,*
如,592,592,2554,助動詞,*,助動詞く型,語幹,如し,ごと,*
如し,583,583,2554,助動詞,*,助動詞く型,基本形,如し,ごとし,*
如く,586,586,2554,助動詞,*,助動詞く型,基本連用形,如し,ごとく,*
如き,589,589,2554,助動詞,*,助動詞く型,文語連体形,如し,ごとき,*
で,627,627,10239,助動詞,*,無活用型,語幹,で,で,*
で,624,624,10239,助動詞,*,無活用型,基本形,で,で,*
ま,628,628,13429,助動詞,*,無活用型,語幹,ま,ま,*
ま,625,625,13429,助動詞,*,無活用型,基本形,ま,ま,*
こと,626,626,9656,助動詞,*,無活用型,語幹,こと,こと,*
こと,623,623,9656,助動詞,*,無活用型,基本形,こと,こと,*
