同,1868,1868,8571,接頭辞,名詞接頭辞,*,*,同,どう,代表表記:同/どう 連語
行,1133,1133,6075,名詞,普通名詞,*,*,行,こう,漢字読み:音 代表表記:行/こう 省略:銀行/ぎんこう 連語
他,1868,1868,7665,接頭辞,名詞接頭辞,*,*,他,た,代表表記:他/た 連語
年中,1132,1132,5684,名詞,時相名詞,*,*,年中,ねんちゅう,代表表記:年中/ねんちゅう 連語
ねんちゅう,1132,1132,9677,名詞,時相名詞,*,*,ねんちゅう,ねんちゅう,代表表記:年中/ねんちゅう 連語
行事,1133,1133,5282,名詞,普通名詞,*,*,行事,ぎょうじ,代表表記:行事/ぎょうじ 連語
ぎょうじ,1133,1133,11823,名詞,普通名詞,*,*,ぎょうじ,ぎょうじ,代表表記:行事/ぎょうじ 連語
あいつ,1133,1133,11706,名詞,普通名詞,*,*,あいつ,あいつ,連語
が,706,706,7144,助詞,格助詞,*,*,が,が,連語
うま,1192,1192,9681,形容詞,*,イ形容詞アウオ段,語幹,うまい,うま,連語
うまい,1162,1162,9681,形容詞,*,イ形容詞アウオ段,基本形,うまい,うまい,連語
うまかれ,1159,1159,9681,形容詞,*,イ形容詞アウオ段,命令形,うまい,うまかれ,連語
うまかろう,1165,1165,9681,形容詞,*,イ形容詞アウオ段,基本推量形,うまい,うまかろう,連語
うまかろ,1171,1171,9681,形容詞,*,イ形容詞アウオ段,基本省略推量形,うまい,うまかろ,連語
うまければ,1168,1168,9681,形容詞,*,イ形容詞アウオ段,基本条件形,うまい,うまければ,連語
うまく,1174,1174,9681,形容詞,*,イ形容詞アウオ段,基本連用形,うまい,うまく,連語
うまかった,1135,1135,9681,形容詞,*,イ形容詞アウオ段,タ形,うまい,うまかった,連語
うまかったろう,1138,1138,9681,形容詞,*,イ形容詞アウオ段,タ系推量形,うまい,うまかったろう,連語
うまかったろ,1144,1144,9681,形容詞,*,イ形容詞アウオ段,タ系省略推量形,うまい,うまかったろ,連語
うまかったら,1141,1141,9681,形容詞,*,イ形容詞アウオ段,タ系条件形,うまい,うまかったら,連語
うまくて,1156,1156,9681,形容詞,*,イ形容詞アウオ段,タ系連用テ形,うまい,うまくて,連語
うまかったり,1147,1147,9681,形容詞,*,イ形容詞アウオ段,タ系連用タリ形,うまい,うまかったり,連語
うまくちゃ,1150,1150,9681,形容詞,*,イ形容詞アウオ段,タ系連用チャ形,うまい,うまくちゃ,連語
うまくっちゃ,1153,1153,9681,形容詞,*,イ形容詞アウオ段,タ系連用チャ形２,うまい,うまくっちゃ,連語
うまけりゃ,1195,1195,9681,形容詞,*,イ形容詞アウオ段,音便条件形,うまい,うまけりゃ,連語
うまきゃ,1198,1198,9681,形容詞,*,イ形容詞アウオ段,音便条件形２,うまい,うまきゃ,連語
うまし,1180,1180,9681,形容詞,*,イ形容詞アウオ段,文語基本形,うまい,うまし,連語
うまから,1183,1183,9681,形容詞,*,イ形容詞アウオ段,文語未然形,うまい,うまから,連語
うまう,1189,1189,9681,形容詞,*,イ形容詞アウオ段,文語連用形,うまい,うまう,連語
うまき,1186,1186,9681,形容詞,*,イ形容詞アウオ段,文語連体形,うまい,うまき,連語
うまかれ,1177,1177,9681,形容詞,*,イ形容詞アウオ段,文語命令形,うまい,うまかれ,連語
余り,1133,1133,4390,名詞,普通名詞,*,*,余り,あまり,連語
あまり,1133,1133,12089,名詞,普通名詞,*,*,あまり,あまり,連語
あ,1022,1022,10095,動詞,*,子音動詞ラ行,語幹,ある,あ,連語
ある,1010,1010,10095,動詞,*,子音動詞ラ行,基本形,ある,ある,連語
あら,1018,1018,10095,動詞,*,子音動詞ラ行,未然形,ある,あら,連語
あろう,1016,1016,10095,動詞,*,子音動詞ラ行,意志形,ある,あろう,連語
あろ,1020,1020,10095,動詞,*,子音動詞ラ行,省略意志形,ある,あろ,連語
あれ,1008,1008,10095,動詞,*,子音動詞ラ行,命令形,ある,あれ,連語
あれば,1012,1012,10095,動詞,*,子音動詞ラ行,基本条件形,ある,あれば,連語
あり,1014,1014,10095,動詞,*,子音動詞ラ行,基本連用形,ある,あり,連語
あっ,994,994,10095,動詞,*,子音動詞ラ行,タ接連用形,ある,あっ,連語
あった,992,992,10095,動詞,*,子音動詞ラ行,タ形,ある,あった,連語
あったろう,996,996,10095,動詞,*,子音動詞ラ行,タ系推量形,ある,あったろう,連語
あったろ,1000,1000,10095,動詞,*,子音動詞ラ行,タ系省略推量形,ある,あったろ,連語
あったら,998,998,10095,動詞,*,子音動詞ラ行,タ系条件形,ある,あったら,連語
あって,1006,1006,10095,動詞,*,子音動詞ラ行,タ系連用テ形,ある,あって,連語
あったり,1002,1002,10095,動詞,*,子音動詞ラ行,タ系連用タリ形,ある,あったり,連語
あっちゃ,1004,1004,10095,動詞,*,子音動詞ラ行,タ系連用チャ形,ある,あっちゃ,連語
ありゃ,1024,1024,10095,動詞,*,子音動詞ラ行,音便条件形,ある,ありゃ,連語
あまり,35,35,6490,副詞,*,*,*,あまり,あまり,連語
よ,1192,1192,6785,形容詞,*,イ形容詞アウオ段,語幹,よい,よ,連語
よい,1162,1162,6785,形容詞,*,イ形容詞アウオ段,基本形,よい,よい,連語
よかれ,1159,1159,6785,形容詞,*,イ形容詞アウオ段,命令形,よい,よかれ,連語
よかろう,1165,1165,6785,形容詞,*,イ形容詞アウオ段,基本推量形,よい,よかろう,連語
よかろ,1171,1171,6785,形容詞,*,イ形容詞アウオ段,基本省略推量形,よい,よかろ,連語
よければ,1168,1168,6785,形容詞,*,イ形容詞アウオ段,基本条件形,よい,よければ,連語
よく,1174,1174,6785,形容詞,*,イ形容詞アウオ段,基本連用形,よい,よく,連語
よかった,1135,1135,6785,形容詞,*,イ形容詞アウオ段,タ形,よい,よかった,連語
よかったろう,1138,1138,6785,形容詞,*,イ形容詞アウオ段,タ系推量形,よい,よかったろう,連語
よかったろ,1144,1144,6785,形容詞,*,イ形容詞アウオ段,タ系省略推量形,よい,よかったろ,連語
よかったら,1141,1141,6785,形容詞,*,イ形容詞アウオ段,タ系条件形,よい,よかったら,連語
よくて,1156,1156,6785,形容詞,*,イ形容詞アウオ段,タ系連用テ形,よい,よくて,連語
よかったり,1147,1147,6785,形容詞,*,イ形容詞アウオ段,タ系連用タリ形,よい,よかったり,連語
よくちゃ,1150,1150,6785,形容詞,*,イ形容詞アウオ段,タ系連用チャ形,よい,よくちゃ,連語
よくっちゃ,1153,1153,6785,形容詞,*,イ形容詞アウオ段,タ系連用チャ形２,よい,よくっちゃ,連語
よけりゃ,1195,1195,6785,形容詞,*,イ形容詞アウオ段,音便条件形,よい,よけりゃ,連語
よきゃ,1198,1198,6785,形容詞,*,イ形容詞アウオ段,音便条件形２,よい,よきゃ,連語
よし,1180,1180,6785,形容詞,*,イ形容詞アウオ段,文語基本形,よい,よし,連語
よから,1183,1183,6785,形容詞,*,イ形容詞アウオ段,文語未然形,よい,よから,連語
よう,1189,1189,6785,形容詞,*,イ形容詞アウオ段,文語連用形,よい,よう,連語
よき,1186,1186,6785,形容詞,*,イ形容詞アウオ段,文語連体形,よい,よき,連語
よかれ,1177,1177,6785,形容詞,*,イ形容詞アウオ段,文語命令形,よい,よかれ,連語
意気,1133,1133,4989,名詞,普通名詞,*,*,意気,いき,連語
あが,1022,1022,13229,動詞,*,子音動詞ラ行,語幹,あがる,あが,連語
あがる,1010,1010,13229,動詞,*,子音動詞ラ行,基本形,あがる,あがる,連語
あがら,1018,1018,13229,動詞,*,子音動詞ラ行,未然形,あがる,あがら,連語
あがろう,1016,1016,13229,動詞,*,子音動詞ラ行,意志形,あがる,あがろう,連語
あがろ,1020,1020,13229,動詞,*,子音動詞ラ行,省略意志形,あがる,あがろ,連語
あがれ,1008,1008,13229,動詞,*,子音動詞ラ行,命令形,あがる,あがれ,連語
あがれば,1012,1012,13229,動詞,*,子音動詞ラ行,基本条件形,あがる,あがれば,連語
あがり,1014,1014,13229,動詞,*,子音動詞ラ行,基本連用形,あがる,あがり,連語
あがっ,994,994,13229,動詞,*,子音動詞ラ行,タ接連用形,あがる,あがっ,連語
あがった,992,992,13229,動詞,*,子音動詞ラ行,タ形,あがる,あがった,連語
あがったろう,996,996,13229,動詞,*,子音動詞ラ行,タ系推量形,あがる,あがったろう,連語
あがったろ,1000,1000,13229,動詞,*,子音動詞ラ行,タ系省略推量形,あがる,あがったろ,連語
あがったら,998,998,13229,動詞,*,子音動詞ラ行,タ系条件形,あがる,あがったら,連語
あがって,1006,1006,13229,動詞,*,子音動詞ラ行,タ系連用テ形,あがる,あがって,連語
あがったり,1002,1002,13229,動詞,*,子音動詞ラ行,タ系連用タリ形,あがる,あがったり,連語
あがっちゃ,1004,1004,13229,動詞,*,子音動詞ラ行,タ系連用チャ形,あがる,あがっちゃ,連語
あがりゃ,1024,1024,13229,動詞,*,子音動詞ラ行,音便条件形,あがる,あがりゃ,連語
上が,1022,1022,7345,動詞,*,子音動詞ラ行,語幹,上がる,あが,連語
上がる,1010,1010,7345,動詞,*,子音動詞ラ行,基本形,上がる,あがる,連語
上がら,1018,1018,7345,動詞,*,子音動詞ラ行,未然形,上がる,あがら,連語
上がろう,1016,1016,7345,動詞,*,子音動詞ラ行,意志形,上がる,あがろう,連語
上がろ,1020,1020,7345,動詞,*,子音動詞ラ行,省略意志形,上がる,あがろ,連語
上がれ,1008,1008,7345,動詞,*,子音動詞ラ行,命令形,上がる,あがれ,連語
上がれば,1012,1012,7345,動詞,*,子音動詞ラ行,基本条件形,上がる,あがれば,連語
上がり,1014,1014,7345,動詞,*,子音動詞ラ行,基本連用形,上がる,あがり,連語
上がっ,994,994,7345,動詞,*,子音動詞ラ行,タ接連用形,上がる,あがっ,連語
上がった,992,992,7345,動詞,*,子音動詞ラ行,タ形,上がる,あがった,連語
上がったろう,996,996,7345,動詞,*,子音動詞ラ行,タ系推量形,上がる,あがったろう,連語
上がったろ,1000,1000,7345,動詞,*,子音動詞ラ行,タ系省略推量形,上がる,あがったろ,連語
上がったら,998,998,7345,動詞,*,子音動詞ラ行,タ系条件形,上がる,あがったら,連語
上がって,1006,1006,7345,動詞,*,子音動詞ラ行,タ系連用テ形,上がる,あがって,連語
上がったり,1002,1002,7345,動詞,*,子音動詞ラ行,タ系連用タリ形,上がる,あがったり,連語
上がっちゃ,1004,1004,7345,動詞,*,子音動詞ラ行,タ系連用チャ形,上がる,あがっちゃ,連語
上がりゃ,1024,1024,7345,動詞,*,子音動詞ラ行,音便条件形,上がる,あがりゃ,連語
いま,35,35,13573,副詞,*,*,*,いま,いま,連語
で,708,708,8928,助詞,格助詞,*,*,で,で,連語
は,649,649,3834,助詞,副助詞,*,*,は,は,連語
い,1123,1123,13155,動詞,*,母音動詞,語幹,いる,い,連語
いる,1116,1116,13155,動詞,*,母音動詞,基本形,いる,いる,連語
い,1121,1121,13155,動詞,*,母音動詞,未然形,いる,い,連語
いよう,1119,1119,13155,動詞,*,母音動詞,意志形,いる,いよう,連語
いよ,1122,1122,13155,動詞,*,母音動詞,省略意志形,いる,いよ,連語
いろ,1115,1115,13155,動詞,*,母音動詞,命令形,いる,いろ,連語
いれば,1117,1117,13155,動詞,*,母音動詞,基本条件形,いる,いれば,連語
い,1118,1118,13155,動詞,*,母音動詞,基本連用形,いる,い,連語
い,1108,1108,13155,動詞,*,母音動詞,タ接連用形,いる,い,連語
いた,1107,1107,13155,動詞,*,母音動詞,タ形,いる,いた,連語
いたろう,1109,1109,13155,動詞,*,母音動詞,タ系推量形,いる,いたろう,連語
いたろ,1111,1111,13155,動詞,*,母音動詞,タ系省略推量形,いる,いたろ,連語
いたら,1110,1110,13155,動詞,*,母音動詞,タ系条件形,いる,いたら,連語
いて,1114,1114,13155,動詞,*,母音動詞,タ系連用テ形,いる,いて,連語
いたり,1112,1112,13155,動詞,*,母音動詞,タ系連用タリ形,いる,いたり,連語
いちゃ,1113,1113,13155,動詞,*,母音動詞,タ系連用チャ形,いる,いちゃ,連語
いりゃ,1124,1124,13155,動詞,*,母音動詞,音便条件形,いる,いりゃ,連語
いよ,1120,1120,13155,動詞,*,母音動詞,文語命令形,いる,いよ,連語
られ,1631,1631,14420,接尾辞,動詞性接尾辞,母音動詞,語幹,られる,られ,連語
られる,1624,1624,14420,接尾辞,動詞性接尾辞,母音動詞,基本形,られる,られる,連語
られ,1629,1629,14420,接尾辞,動詞性接尾辞,母音動詞,未然形,られる,られ,連語
られよう,1627,1627,14420,接尾辞,動詞性接尾辞,母音動詞,意志形,られる,られよう,連語
られよ,1630,1630,14420,接尾辞,動詞性接尾辞,母音動詞,省略意志形,られる,られよ,連語
られろ,1623,1623,14420,接尾辞,動詞性接尾辞,母音動詞,命令形,られる,られろ,連語
られれば,1625,1625,14420,接尾辞,動詞性接尾辞,母音動詞,基本条件形,られる,られれば,連語
られ,1626,1626,14420,接尾辞,動詞性接尾辞,母音動詞,基本連用形,られる,られ,連語
られ,1616,1616,14420,接尾辞,動詞性接尾辞,母音動詞,タ接連用形,られる,られ,連語
られた,1615,1615,14420,接尾辞,動詞性接尾辞,母音動詞,タ形,られる,られた,連語
られたろう,1617,1617,14420,接尾辞,動詞性接尾辞,母音動詞,タ系推量形,られる,られたろう,連語
られたろ,1619,1619,14420,接尾辞,動詞性接尾辞,母音動詞,タ系省略推量形,られる,られたろ,連語
られたら,1618,1618,14420,接尾辞,動詞性接尾辞,母音動詞,タ系条件形,られる,られたら,連語
られて,1622,1622,14420,接尾辞,動詞性接尾辞,母音動詞,タ系連用テ形,られる,られて,連語
られたり,1620,1620,14420,接尾辞,動詞性接尾辞,母音動詞,タ系連用タリ形,られる,られたり,連語
られちゃ,1621,1621,14420,接尾辞,動詞性接尾辞,母音動詞,タ系連用チャ形,られる,られちゃ,連語
られりゃ,1632,1632,14420,接尾辞,動詞性接尾辞,母音動詞,音便条件形,られる,られりゃ,連語
られよ,1628,1628,14420,接尾辞,動詞性接尾辞,母音動詞,文語命令形,られる,られよ,連語
が,663,663,8335,助詞,接続助詞,*,*,が,が,連語
か,658,658,7342,助詞,接続助詞,*,*,か,か,連語
する,789,789,9473,動詞,*,サ変動詞,基本形,する,する,連語
さ,803,803,9473,動詞,*,サ変動詞,未然形,する,さ,連語
しよう,795,795,9473,動詞,*,サ変動詞,意志形,する,しよう,連語
しよ,805,805,9473,動詞,*,サ変動詞,省略意志形,する,しよ,連語
しろ,787,787,9473,動詞,*,サ変動詞,命令形,する,しろ,連語
すれば,791,791,9473,動詞,*,サ変動詞,基本条件形,する,すれば,連語
し,793,793,9473,動詞,*,サ変動詞,基本連用形,する,し,連語
し,773,773,9473,動詞,*,サ変動詞,タ接連用形,する,し,連語
した,771,771,9473,動詞,*,サ変動詞,タ形,する,した,連語
したろう,775,775,9473,動詞,*,サ変動詞,タ系推量形,する,したろう,連語
したろ,779,779,9473,動詞,*,サ変動詞,タ系省略推量形,する,したろ,連語
したら,777,777,9473,動詞,*,サ変動詞,タ系条件形,する,したら,連語
して,785,785,9473,動詞,*,サ変動詞,タ系連用テ形,する,して,連語
したり,781,781,9473,動詞,*,サ変動詞,タ系連用タリ形,する,したり,連語
しちゃ,783,783,9473,動詞,*,サ変動詞,タ系連用チャ形,する,しちゃ,連語
すりゃ,808,808,9473,動詞,*,サ変動詞,音便条件形,する,すりゃ,連語
す,799,799,9473,動詞,*,サ変動詞,文語基本形,する,す,連語
せ,801,801,9473,動詞,*,サ変動詞,文語未然形,する,せ,連語
せよ,797,797,9473,動詞,*,サ変動詞,文語命令形,する,せよ,連語
どう,1431,1431,6407,指示詞,副詞形態指示詞,*,*,どう,どう,連語
かも,661,661,6840,助詞,接続助詞,*,*,かも,かも,連語
の,686,686,7201,助詞,接続助詞,*,*,の,の,連語
よう,1127,1127,12118,名詞,副詞的名詞,*,*,よう,よう,連語
に,710,710,8640,助詞,格助詞,*,*,に,に,連語
しかけ,1133,1133,12204,名詞,普通名詞,*,*,しかけ,しかけ,連語
。,1869,1869,-584,特殊,句点,*,*,。,。,連語
．,1869,1869,-184,特殊,句点,*,*,．,．,連語
こと,1130,1130,8538,名詞,形式名詞,*,*,こと,こと,連語
い,1090,1090,11268,動詞,*,子音動詞ワ行,語幹,いう,い,連語
いう,1072,1072,11268,動詞,*,子音動詞ワ行,基本形,いう,いう,連語
いわ,1084,1084,11268,動詞,*,子音動詞ワ行,未然形,いう,いわ,連語
いおう,1081,1081,11268,動詞,*,子音動詞ワ行,意志形,いう,いおう,連語
いお,1087,1087,11268,動詞,*,子音動詞ワ行,省略意志形,いう,いお,連語
いえ,1069,1069,11268,動詞,*,子音動詞ワ行,命令形,いう,いえ,連語
いえば,1075,1075,11268,動詞,*,子音動詞ワ行,基本条件形,いう,いえば,連語
いい,1078,1078,11268,動詞,*,子音動詞ワ行,基本連用形,いう,いい,連語
いっ,1048,1048,11268,動詞,*,子音動詞ワ行,タ接連用形,いう,いっ,連語
いった,1045,1045,11268,動詞,*,子音動詞ワ行,タ形,いう,いった,連語
いったろう,1051,1051,11268,動詞,*,子音動詞ワ行,タ系推量形,いう,いったろう,連語
いったろ,1057,1057,11268,動詞,*,子音動詞ワ行,タ系省略推量形,いう,いったろ,連語
いったら,1054,1054,11268,動詞,*,子音動詞ワ行,タ系条件形,いう,いったら,連語
いって,1066,1066,11268,動詞,*,子音動詞ワ行,タ系連用テ形,いう,いって,連語
いったり,1060,1060,11268,動詞,*,子音動詞ワ行,タ系連用タリ形,いう,いったり,連語
いっちゃ,1063,1063,11268,動詞,*,子音動詞ワ行,タ系連用チャ形,いう,いっちゃ,連語
だって,637,637,7485,助詞,副助詞,*,*,だって,だって,連語
よ,1022,1022,11476,動詞,*,子音動詞ラ行,語幹,よる,よ,連語
よる,1010,1010,11476,動詞,*,子音動詞ラ行,基本形,よる,よる,連語
よら,1018,1018,11476,動詞,*,子音動詞ラ行,未然形,よる,よら,連語
よろう,1016,1016,11476,動詞,*,子音動詞ラ行,意志形,よる,よろう,連語
よろ,1020,1020,11476,動詞,*,子音動詞ラ行,省略意志形,よる,よろ,連語
よれ,1008,1008,11476,動詞,*,子音動詞ラ行,命令形,よる,よれ,連語
よれば,1012,1012,11476,動詞,*,子音動詞ラ行,基本条件形,よる,よれば,連語
より,1014,1014,11476,動詞,*,子音動詞ラ行,基本連用形,よる,より,連語
よっ,994,994,11476,動詞,*,子音動詞ラ行,タ接連用形,よる,よっ,連語
よった,992,992,11476,動詞,*,子音動詞ラ行,タ形,よる,よった,連語
よったろう,996,996,11476,動詞,*,子音動詞ラ行,タ系推量形,よる,よったろう,連語
よったろ,1000,1000,11476,動詞,*,子音動詞ラ行,タ系省略推量形,よる,よったろ,連語
よったら,998,998,11476,動詞,*,子音動詞ラ行,タ系条件形,よる,よったら,連語
よって,1006,1006,11476,動詞,*,子音動詞ラ行,タ系連用テ形,よる,よって,連語
よったり,1002,1002,11476,動詞,*,子音動詞ラ行,タ系連用タリ形,よる,よったり,連語
よっちゃ,1004,1004,11476,動詞,*,子音動詞ラ行,タ系連用チャ形,よる,よっちゃ,連語
よりゃ,1024,1024,11476,動詞,*,子音動詞ラ行,音便条件形,よる,よりゃ,連語
しか,633,633,6532,助詞,副助詞,*,*,しか,しか,連語
な,1769,1769,9246,接尾辞,形容詞性述語接尾辞,イ形容詞アウオ段,語幹,ない,な,連語
ない,1759,1759,9246,接尾辞,形容詞性述語接尾辞,イ形容詞アウオ段,基本形,ない,ない,連語
なかれ,1758,1758,9246,接尾辞,形容詞性述語接尾辞,イ形容詞アウオ段,命令形,ない,なかれ,連語
なかろう,1760,1760,9246,接尾辞,形容詞性述語接尾辞,イ形容詞アウオ段,基本推量形,ない,なかろう,連語
なかろ,1762,1762,9246,接尾辞,形容詞性述語接尾辞,イ形容詞アウオ段,基本省略推量形,ない,なかろ,連語
なければ,1761,1761,9246,接尾辞,形容詞性述語接尾辞,イ形容詞アウオ段,基本条件形,ない,なければ,連語
なく,1763,1763,9246,接尾辞,形容詞性述語接尾辞,イ形容詞アウオ段,基本連用形,ない,なく,連語
なかった,1750,1750,9246,接尾辞,形容詞性述語接尾辞,イ形容詞アウオ段,タ形,ない,なかった,連語
なかったろう,1751,1751,9246,接尾辞,形容詞性述語接尾辞,イ形容詞アウオ段,タ系推量形,ない,なかったろう,連語
なかったろ,1753,1753,9246,接尾辞,形容詞性述語接尾辞,イ形容詞アウオ段,タ系省略推量形,ない,なかったろ,連語
なかったら,1752,1752,9246,接尾辞,形容詞性述語接尾辞,イ形容詞アウオ段,タ系条件形,ない,なかったら,連語
なくて,1757,1757,9246,接尾辞,形容詞性述語接尾辞,イ形容詞アウオ段,タ系連用テ形,ない,なくて,連語
なかったり,1754,1754,9246,接尾辞,形容詞性述語接尾辞,イ形容詞アウオ段,タ系連用タリ形,ない,なかったり,連語
なくちゃ,1755,1755,9246,接尾辞,形容詞性述語接尾辞,イ形容詞アウオ段,タ系連用チャ形,ない,なくちゃ,連語
なくっちゃ,1756,1756,9246,接尾辞,形容詞性述語接尾辞,イ形容詞アウオ段,タ系連用チャ形２,ない,なくっちゃ,連語
なけりゃ,1770,1770,9246,接尾辞,形容詞性述語接尾辞,イ形容詞アウオ段,音便条件形,ない,なけりゃ,連語
なきゃ,1771,1771,9246,接尾辞,形容詞性述語接尾辞,イ形容詞アウオ段,音便条件形２,ない,なきゃ,連語
なし,1765,1765,9246,接尾辞,形容詞性述語接尾辞,イ形容詞アウオ段,文語基本形,ない,なし,連語
なから,1766,1766,9246,接尾辞,形容詞性述語接尾辞,イ形容詞アウオ段,文語未然形,ない,なから,連語
なう,1768,1768,9246,接尾辞,形容詞性述語接尾辞,イ形容詞アウオ段,文語連用形,ない,なう,連語
なき,1767,1767,9246,接尾辞,形容詞性述語接尾辞,イ形容詞アウオ段,文語連体形,ない,なき,連語
なかれ,1764,1764,9246,接尾辞,形容詞性述語接尾辞,イ形容詞アウオ段,文語命令形,ない,なかれ,連語
た,1769,1769,10412,接尾辞,形容詞性述語接尾辞,イ形容詞アウオ段,語幹,たい,た,連語
たい,1759,1759,10412,接尾辞,形容詞性述語接尾辞,イ形容詞アウオ段,基本形,たい,たい,連語
たかれ,1758,1758,10412,接尾辞,形容詞性述語接尾辞,イ形容詞アウオ段,命令形,たい,たかれ,連語
たかろう,1760,1760,10412,接尾辞,形容詞性述語接尾辞,イ形容詞アウオ段,基本推量形,たい,たかろう,連語
たかろ,1762,1762,10412,接尾辞,形容詞性述語接尾辞,イ形容詞アウオ段,基本省略推量形,たい,たかろ,連語
たければ,1761,1761,10412,接尾辞,形容詞性述語接尾辞,イ形容詞アウオ段,基本条件形,たい,たければ,連語
たく,1763,1763,10412,接尾辞,形容詞性述語接尾辞,イ形容詞アウオ段,基本連用形,たい,たく,連語
たかった,1750,1750,10412,接尾辞,形容詞性述語接尾辞,イ形容詞アウオ段,タ形,たい,たかった,連語
たかったろう,1751,1751,10412,接尾辞,形容詞性述語接尾辞,イ形容詞アウオ段,タ系推量形,たい,たかったろう,連語
たかったろ,1753,1753,10412,接尾辞,形容詞性述語接尾辞,イ形容詞アウオ段,タ系省略推量形,たい,たかったろ,連語
たかったら,1752,1752,10412,接尾辞,形容詞性述語接尾辞,イ形容詞アウオ段,タ系条件形,たい,たかったら,連語
たくて,1757,1757,10412,接尾辞,形容詞性述語接尾辞,イ形容詞アウオ段,タ系連用テ形,たい,たくて,連語
たかったり,1754,1754,10412,接尾辞,形容詞性述語接尾辞,イ形容詞アウオ段,タ系連用タリ形,たい,たかったり,連語
たくちゃ,1755,1755,10412,接尾辞,形容詞性述語接尾辞,イ形容詞アウオ段,タ系連用チャ形,たい,たくちゃ,連語
たくっちゃ,1756,1756,10412,接尾辞,形容詞性述語接尾辞,イ形容詞アウオ段,タ系連用チャ形２,たい,たくっちゃ,連語
たけりゃ,1770,1770,10412,接尾辞,形容詞性述語接尾辞,イ形容詞アウオ段,音便条件形,たい,たけりゃ,連語
たきゃ,1771,1771,10412,接尾辞,形容詞性述語接尾辞,イ形容詞アウオ段,音便条件形２,たい,たきゃ,連語
たし,1765,1765,10412,接尾辞,形容詞性述語接尾辞,イ形容詞アウオ段,文語基本形,たい,たし,連語
たから,1766,1766,10412,接尾辞,形容詞性述語接尾辞,イ形容詞アウオ段,文語未然形,たい,たから,連語
たう,1768,1768,10412,接尾辞,形容詞性述語接尾辞,イ形容詞アウオ段,文語連用形,たい,たう,連語
たき,1767,1767,10412,接尾辞,形容詞性述語接尾辞,イ形容詞アウオ段,文語連体形,たい,たき,連語
たかれ,1764,1764,10412,接尾辞,形容詞性述語接尾辞,イ形容詞アウオ段,文語命令形,たい,たかれ,連語
小,1133,1133,10222,名詞,普通名詞,*,*,小,しょう,連語
中学校,1133,1133,4643,名詞,普通名詞,*,*,中学校,ちゅうがっこう,連語
中学生,1133,1133,5320,名詞,普通名詞,*,*,中学生,ちゅうがくせい,連語
よう,1636,1636,10361,接尾辞,名詞性述語接尾辞,*,*,よう,よう,連語
な,1193,1193,8594,形容詞,*,イ形容詞アウオ段,語幹,ない,な,連語
ない,1163,1163,8594,形容詞,*,イ形容詞アウオ段,基本形,ない,ない,連語
なかれ,1160,1160,8594,形容詞,*,イ形容詞アウオ段,命令形,ない,なかれ,連語
なかろう,1166,1166,8594,形容詞,*,イ形容詞アウオ段,基本推量形,ない,なかろう,連語
なかろ,1172,1172,8594,形容詞,*,イ形容詞アウオ段,基本省略推量形,ない,なかろ,連語
なければ,1169,1169,8594,形容詞,*,イ形容詞アウオ段,基本条件形,ない,なければ,連語
なく,1175,1175,8594,形容詞,*,イ形容詞アウオ段,基本連用形,ない,なく,連語
なかった,1136,1136,8594,形容詞,*,イ形容詞アウオ段,タ形,ない,なかった,連語
なかったろう,1139,1139,8594,形容詞,*,イ形容詞アウオ段,タ系推量形,ない,なかったろう,連語
なかったろ,1145,1145,8594,形容詞,*,イ形容詞アウオ段,タ系省略推量形,ない,なかったろ,連語
なかったら,1142,1142,8594,形容詞,*,イ形容詞アウオ段,タ系条件形,ない,なかったら,連語
なくて,1157,1157,8594,形容詞,*,イ形容詞アウオ段,タ系連用テ形,ない,なくて,連語
なかったり,1148,1148,8594,形容詞,*,イ形容詞アウオ段,タ系連用タリ形,ない,なかったり,連語
なくちゃ,1151,1151,8594,形容詞,*,イ形容詞アウオ段,タ系連用チャ形,ない,なくちゃ,連語
なくっちゃ,1154,1154,8594,形容詞,*,イ形容詞アウオ段,タ系連用チャ形２,ない,なくっちゃ,連語
なけりゃ,1196,1196,8594,形容詞,*,イ形容詞アウオ段,音便条件形,ない,なけりゃ,連語
なきゃ,1199,1199,8594,形容詞,*,イ形容詞アウオ段,音便条件形２,ない,なきゃ,連語
なし,1181,1181,8594,形容詞,*,イ形容詞アウオ段,文語基本形,ない,なし,連語
なから,1184,1184,8594,形容詞,*,イ形容詞アウオ段,文語未然形,ない,なから,連語
なう,1190,1190,8594,形容詞,*,イ形容詞アウオ段,文語連用形,ない,なう,連語
なき,1187,1187,8594,形容詞,*,イ形容詞アウオ段,文語連体形,ない,なき,連語
なかれ,1178,1178,8594,形容詞,*,イ形容詞アウオ段,文語命令形,ない,なかれ,連語
と,709,709,5591,助詞,格助詞,*,*,と,と,連語
その,1433,1433,7924,指示詞,連体詞形態指示詞,*,*,その,その,連語
ため,1127,1127,7981,名詞,副詞的名詞,*,*,ため,ため,連語
ためし,1133,1133,11962,名詞,普通名詞,*,*,ためし,ためし,連語
だれ,1133,1133,9535,名詞,普通名詞,*,*,だれ,だれ,連語
誰,1133,1133,5308,名詞,普通名詞,*,*,誰,だれ,連語
も,654,654,6545,助詞,副助詞,*,*,も,も,連語
でも,640,640,6070,助詞,副助詞,*,*,でも,でも,連語
短,1868,1868,7532,接頭辞,名詞接頭辞,*,*,短,たん,連語
期間,1132,1132,2452,名詞,時相名詞,*,*,期間,きかん,連語
長,1868,1868,7637,接頭辞,名詞接頭辞,*,*,長,ちょう,連語
つづけ,1123,1123,13612,動詞,*,母音動詞,語幹,つづける,つづけ,連語
つづける,1116,1116,13612,動詞,*,母音動詞,基本形,つづける,つづける,連語
つづけ,1121,1121,13612,動詞,*,母音動詞,未然形,つづける,つづけ,連語
つづけよう,1119,1119,13612,動詞,*,母音動詞,意志形,つづける,つづけよう,連語
つづけよ,1122,1122,13612,動詞,*,母音動詞,省略意志形,つづける,つづけよ,連語
つづけろ,1115,1115,13612,動詞,*,母音動詞,命令形,つづける,つづけろ,連語
つづければ,1117,1117,13612,動詞,*,母音動詞,基本条件形,つづける,つづければ,連語
つづけ,1118,1118,13612,動詞,*,母音動詞,基本連用形,つづける,つづけ,連語
つづけ,1108,1108,13612,動詞,*,母音動詞,タ接連用形,つづける,つづけ,連語
つづけた,1107,1107,13612,動詞,*,母音動詞,タ形,つづける,つづけた,連語
つづけたろう,1109,1109,13612,動詞,*,母音動詞,タ系推量形,つづける,つづけたろう,連語
つづけたろ,1111,1111,13612,動詞,*,母音動詞,タ系省略推量形,つづける,つづけたろ,連語
つづけたら,1110,1110,13612,動詞,*,母音動詞,タ系条件形,つづける,つづけたら,連語
つづけて,1114,1114,13612,動詞,*,母音動詞,タ系連用テ形,つづける,つづけて,連語
つづけたり,1112,1112,13612,動詞,*,母音動詞,タ系連用タリ形,つづける,つづけたり,連語
つづけちゃ,1113,1113,13612,動詞,*,母音動詞,タ系連用チャ形,つづける,つづけちゃ,連語
つづけりゃ,1124,1124,13612,動詞,*,母音動詞,音便条件形,つづける,つづけりゃ,連語
つづけよ,1120,1120,13612,動詞,*,母音動詞,文語命令形,つづける,つづけよ,連語
続け,1123,1123,6380,動詞,*,母音動詞,語幹,続ける,つづけ,連語
続ける,1116,1116,6380,動詞,*,母音動詞,基本形,続ける,つづける,連語
続け,1121,1121,6380,動詞,*,母音動詞,未然形,続ける,つづけ,連語
続けよう,1119,1119,6380,動詞,*,母音動詞,意志形,続ける,つづけよう,連語
続けよ,1122,1122,6380,動詞,*,母音動詞,省略意志形,続ける,つづけよ,連語
続けろ,1115,1115,6380,動詞,*,母音動詞,命令形,続ける,つづけろ,連語
続ければ,1117,1117,6380,動詞,*,母音動詞,基本条件形,続ける,つづければ,連語
続け,1118,1118,6380,動詞,*,母音動詞,基本連用形,続ける,つづけ,連語
続け,1108,1108,6380,動詞,*,母音動詞,タ接連用形,続ける,つづけ,連語
続けた,1107,1107,6380,動詞,*,母音動詞,タ形,続ける,つづけた,連語
続けたろう,1109,1109,6380,動詞,*,母音動詞,タ系推量形,続ける,つづけたろう,連語
続けたろ,1111,1111,6380,動詞,*,母音動詞,タ系省略推量形,続ける,つづけたろ,連語
続けたら,1110,1110,6380,動詞,*,母音動詞,タ系条件形,続ける,つづけたら,連語
続けて,1114,1114,6380,動詞,*,母音動詞,タ系連用テ形,続ける,つづけて,連語
続けたり,1112,1112,6380,動詞,*,母音動詞,タ系連用タリ形,続ける,つづけたり,連語
続けちゃ,1113,1113,6380,動詞,*,母音動詞,タ系連用チャ形,続ける,つづけちゃ,連語
続けりゃ,1124,1124,6380,動詞,*,母音動詞,音便条件形,続ける,つづけりゃ,連語
続けよ,1120,1120,6380,動詞,*,母音動詞,文語命令形,続ける,つづけよ,連語
まず,35,35,8239,副詞,*,*,*,まず,まず,連語
かかわ,1022,1022,9907,動詞,*,子音動詞ラ行,語幹,かかわる,かかわ,連語
かかわる,1010,1010,9907,動詞,*,子音動詞ラ行,基本形,かかわる,かかわる,連語
かかわら,1018,1018,9907,動詞,*,子音動詞ラ行,未然形,かかわる,かかわら,連語
かかわろう,1016,1016,9907,動詞,*,子音動詞ラ行,意志形,かかわる,かかわろう,連語
かかわろ,1020,1020,9907,動詞,*,子音動詞ラ行,省略意志形,かかわる,かかわろ,連語
かかわれ,1008,1008,9907,動詞,*,子音動詞ラ行,命令形,かかわる,かかわれ,連語
かかわれば,1012,1012,9907,動詞,*,子音動詞ラ行,基本条件形,かかわる,かかわれば,連語
かかわり,1014,1014,9907,動詞,*,子音動詞ラ行,基本連用形,かかわる,かかわり,連語
かかわっ,994,994,9907,動詞,*,子音動詞ラ行,タ接連用形,かかわる,かかわっ,連語
かかわった,992,992,9907,動詞,*,子音動詞ラ行,タ形,かかわる,かかわった,連語
かかわったろう,996,996,9907,動詞,*,子音動詞ラ行,タ系推量形,かかわる,かかわったろう,連語
かかわったろ,1000,1000,9907,動詞,*,子音動詞ラ行,タ系省略推量形,かかわる,かかわったろ,連語
かかわったら,998,998,9907,動詞,*,子音動詞ラ行,タ系条件形,かかわる,かかわったら,連語
かかわって,1006,1006,9907,動詞,*,子音動詞ラ行,タ系連用テ形,かかわる,かかわって,連語
かかわったり,1002,1002,9907,動詞,*,子音動詞ラ行,タ系連用タリ形,かかわる,かかわったり,連語
かかわっちゃ,1004,1004,9907,動詞,*,子音動詞ラ行,タ系連用チャ形,かかわる,かかわっちゃ,連語
かかわりゃ,1024,1024,9907,動詞,*,子音動詞ラ行,音便条件形,かかわる,かかわりゃ,連語
どの,1433,1433,7503,指示詞,連体詞形態指示詞,*,*,どの,どの,連語
程度,1127,1127,7779,名詞,副詞的名詞,*,*,程度,ていど,連語
長,1192,1192,6550,形容詞,*,イ形容詞アウオ段,語幹,長い,なが,連語
長い,1162,1162,6550,形容詞,*,イ形容詞アウオ段,基本形,長い,ながい,連語
長かれ,1159,1159,6550,形容詞,*,イ形容詞アウオ段,命令形,長い,ながかれ,連語
長かろう,1165,1165,6550,形容詞,*,イ形容詞アウオ段,基本推量形,長い,ながかろう,連語
長かろ,1171,1171,6550,形容詞,*,イ形容詞アウオ段,基本省略推量形,長い,ながかろ,連語
長ければ,1168,1168,6550,形容詞,*,イ形容詞アウオ段,基本条件形,長い,ながければ,連語
長く,1174,1174,6550,形容詞,*,イ形容詞アウオ段,基本連用形,長い,ながく,連語
長かった,1135,1135,6550,形容詞,*,イ形容詞アウオ段,タ形,長い,ながかった,連語
長かったろう,1138,1138,6550,形容詞,*,イ形容詞アウオ段,タ系推量形,長い,ながかったろう,連語
長かったろ,1144,1144,6550,形容詞,*,イ形容詞アウオ段,タ系省略推量形,長い,ながかったろ,連語
長かったら,1141,1141,6550,形容詞,*,イ形容詞アウオ段,タ系条件形,長い,ながかったら,連語
長くて,1156,1156,6550,形容詞,*,イ形容詞アウオ段,タ系連用テ形,長い,ながくて,連語
長かったり,1147,1147,6550,形容詞,*,イ形容詞アウオ段,タ系連用タリ形,長い,ながかったり,連語
長くちゃ,1150,1150,6550,形容詞,*,イ形容詞アウオ段,タ系連用チャ形,長い,ながくちゃ,連語
長くっちゃ,1153,1153,6550,形容詞,*,イ形容詞アウオ段,タ系連用チャ形２,長い,ながくっちゃ,連語
長けりゃ,1195,1195,6550,形容詞,*,イ形容詞アウオ段,音便条件形,長い,ながけりゃ,連語
長きゃ,1198,1198,6550,形容詞,*,イ形容詞アウオ段,音便条件形２,長い,ながきゃ,連語
長し,1180,1180,6550,形容詞,*,イ形容詞アウオ段,文語基本形,長い,ながし,連語
長から,1183,1183,6550,形容詞,*,イ形容詞アウオ段,文語未然形,長い,ながから,連語
長う,1189,1189,6550,形容詞,*,イ形容詞アウオ段,文語連用形,長い,ながう,連語
長き,1186,1186,6550,形容詞,*,イ形容詞アウオ段,文語連体形,長い,ながき,連語
長かれ,1177,1177,6550,形容詞,*,イ形容詞アウオ段,文語命令形,長い,ながかれ,連語
もの,1130,1130,10069,名詞,形式名詞,*,*,もの,もの,連語
な,1022,1022,10989,動詞,*,子音動詞ラ行,語幹,なる,な,連語
なる,1010,1010,10989,動詞,*,子音動詞ラ行,基本形,なる,なる,連語
なら,1018,1018,10989,動詞,*,子音動詞ラ行,未然形,なる,なら,連語
なろう,1016,1016,10989,動詞,*,子音動詞ラ行,意志形,なる,なろう,連語
なろ,1020,1020,10989,動詞,*,子音動詞ラ行,省略意志形,なる,なろ,連語
なれ,1008,1008,10989,動詞,*,子音動詞ラ行,命令形,なる,なれ,連語
なれば,1012,1012,10989,動詞,*,子音動詞ラ行,基本条件形,なる,なれば,連語
なり,1014,1014,10989,動詞,*,子音動詞ラ行,基本連用形,なる,なり,連語
なっ,994,994,10989,動詞,*,子音動詞ラ行,タ接連用形,なる,なっ,連語
なった,992,992,10989,動詞,*,子音動詞ラ行,タ形,なる,なった,連語
なったろう,996,996,10989,動詞,*,子音動詞ラ行,タ系推量形,なる,なったろう,連語
なったろ,1000,1000,10989,動詞,*,子音動詞ラ行,タ系省略推量形,なる,なったろ,連語
なったら,998,998,10989,動詞,*,子音動詞ラ行,タ系条件形,なる,なったら,連語
なって,1006,1006,10989,動詞,*,子音動詞ラ行,タ系連用テ形,なる,なって,連語
なったり,1002,1002,10989,動詞,*,子音動詞ラ行,タ系連用タリ形,なる,なったり,連語
なっちゃ,1004,1004,10989,動詞,*,子音動詞ラ行,タ系連用チャ形,なる,なっちゃ,連語
なりゃ,1024,1024,10989,動詞,*,子音動詞ラ行,音便条件形,なる,なりゃ,連語
な,1580,1580,9432,接尾辞,動詞性接尾辞,子音動詞ラ行,語幹,なる,な,連語
なる,1574,1574,9432,接尾辞,動詞性接尾辞,子音動詞ラ行,基本形,なる,なる,連語
なら,1578,1578,9432,接尾辞,動詞性接尾辞,子音動詞ラ行,未然形,なる,なら,連語
なろう,1577,1577,9432,接尾辞,動詞性接尾辞,子音動詞ラ行,意志形,なる,なろう,連語
なろ,1579,1579,9432,接尾辞,動詞性接尾辞,子音動詞ラ行,省略意志形,なる,なろ,連語
なれ,1573,1573,9432,接尾辞,動詞性接尾辞,子音動詞ラ行,命令形,なる,なれ,連語
なれば,1575,1575,9432,接尾辞,動詞性接尾辞,子音動詞ラ行,基本条件形,なる,なれば,連語
なり,1576,1576,9432,接尾辞,動詞性接尾辞,子音動詞ラ行,基本連用形,なる,なり,連語
なっ,1566,1566,9432,接尾辞,動詞性接尾辞,子音動詞ラ行,タ接連用形,なる,なっ,連語
なった,1565,1565,9432,接尾辞,動詞性接尾辞,子音動詞ラ行,タ形,なる,なった,連語
なったろう,1567,1567,9432,接尾辞,動詞性接尾辞,子音動詞ラ行,タ系推量形,なる,なったろう,連語
なったろ,1569,1569,9432,接尾辞,動詞性接尾辞,子音動詞ラ行,タ系省略推量形,なる,なったろ,連語
なったら,1568,1568,9432,接尾辞,動詞性接尾辞,子音動詞ラ行,タ系条件形,なる,なったら,連語
なって,1572,1572,9432,接尾辞,動詞性接尾辞,子音動詞ラ行,タ系連用テ形,なる,なって,連語
なったり,1570,1570,9432,接尾辞,動詞性接尾辞,子音動詞ラ行,タ系連用タリ形,なる,なったり,連語
なっちゃ,1571,1571,9432,接尾辞,動詞性接尾辞,子音動詞ラ行,タ系連用チャ形,なる,なっちゃ,連語
なりゃ,1581,1581,9432,接尾辞,動詞性接尾辞,子音動詞ラ行,音便条件形,なる,なりゃ,連語
ほど,1127,1127,10436,名詞,副詞的名詞,*,*,ほど,ほど,連語
お,854,854,12897,動詞,*,子音動詞カ行,語幹,おく,お,連語
おく,848,848,12897,動詞,*,子音動詞カ行,基本形,おく,おく,連語
おか,852,852,12897,動詞,*,子音動詞カ行,未然形,おく,おか,連語
おこう,851,851,12897,動詞,*,子音動詞カ行,意志形,おく,おこう,連語
おこ,853,853,12897,動詞,*,子音動詞カ行,省略意志形,おく,おこ,連語
おけ,847,847,12897,動詞,*,子音動詞カ行,命令形,おく,おけ,連語
おけば,849,849,12897,動詞,*,子音動詞カ行,基本条件形,おく,おけば,連語
おき,850,850,12897,動詞,*,子音動詞カ行,基本連用形,おく,おき,連語
おい,840,840,12897,動詞,*,子音動詞カ行,タ接連用形,おく,おい,連語
おいた,839,839,12897,動詞,*,子音動詞カ行,タ形,おく,おいた,連語
おいたろう,841,841,12897,動詞,*,子音動詞カ行,タ系推量形,おく,おいたろう,連語
おいたろ,843,843,12897,動詞,*,子音動詞カ行,タ系省略推量形,おく,おいたろ,連語
おいたら,842,842,12897,動詞,*,子音動詞カ行,タ系条件形,おく,おいたら,連語
おいて,846,846,12897,動詞,*,子音動詞カ行,タ系連用テ形,おく,おいて,連語
おいたり,844,844,12897,動詞,*,子音動詞カ行,タ系連用タリ形,おく,おいたり,連語
おいちゃ,845,845,12897,動詞,*,子音動詞カ行,タ系連用チャ形,おく,おいちゃ,連語
おきゃ,855,855,12897,動詞,*,子音動詞カ行,音便条件形,おく,おきゃ,連語
よく,35,35,11933,副詞,*,*,*,よく,よく,連語
つ,854,854,12613,動詞,*,子音動詞カ行,語幹,つく,つ,連語
つく,848,848,12613,動詞,*,子音動詞カ行,基本形,つく,つく,連語
つか,852,852,12613,動詞,*,子音動詞カ行,未然形,つく,つか,連語
つこう,851,851,12613,動詞,*,子音動詞カ行,意志形,つく,つこう,連語
つこ,853,853,12613,動詞,*,子音動詞カ行,省略意志形,つく,つこ,連語
つけ,847,847,12613,動詞,*,子音動詞カ行,命令形,つく,つけ,連語
つけば,849,849,12613,動詞,*,子音動詞カ行,基本条件形,つく,つけば,連語
つき,850,850,12613,動詞,*,子音動詞カ行,基本連用形,つく,つき,連語
つい,840,840,12613,動詞,*,子音動詞カ行,タ接連用形,つく,つい,連語
ついた,839,839,12613,動詞,*,子音動詞カ行,タ形,つく,ついた,連語
ついたろう,841,841,12613,動詞,*,子音動詞カ行,タ系推量形,つく,ついたろう,連語
ついたろ,843,843,12613,動詞,*,子音動詞カ行,タ系省略推量形,つく,ついたろ,連語
ついたら,842,842,12613,動詞,*,子音動詞カ行,タ系条件形,つく,ついたら,連語
ついて,846,846,12613,動詞,*,子音動詞カ行,タ系連用テ形,つく,ついて,連語
ついたり,844,844,12613,動詞,*,子音動詞カ行,タ系連用タリ形,つく,ついたり,連語
ついちゃ,845,845,12613,動詞,*,子音動詞カ行,タ系連用チャ形,つく,ついちゃ,連語
つきゃ,855,855,12613,動詞,*,子音動詞カ行,音便条件形,つく,つきゃ,連語
と,1022,1022,10827,動詞,*,子音動詞ラ行,語幹,とる,と,連語
とる,1010,1010,10827,動詞,*,子音動詞ラ行,基本形,とる,とる,連語
とら,1018,1018,10827,動詞,*,子音動詞ラ行,未然形,とる,とら,連語
とろう,1016,1016,10827,動詞,*,子音動詞ラ行,意志形,とる,とろう,連語
とろ,1020,1020,10827,動詞,*,子音動詞ラ行,省略意志形,とる,とろ,連語
とれ,1008,1008,10827,動詞,*,子音動詞ラ行,命令形,とる,とれ,連語
とれば,1012,1012,10827,動詞,*,子音動詞ラ行,基本条件形,とる,とれば,連語
とり,1014,1014,10827,動詞,*,子音動詞ラ行,基本連用形,とる,とり,連語
とっ,994,994,10827,動詞,*,子音動詞ラ行,タ接連用形,とる,とっ,連語
とった,992,992,10827,動詞,*,子音動詞ラ行,タ形,とる,とった,連語
とったろう,996,996,10827,動詞,*,子音動詞ラ行,タ系推量形,とる,とったろう,連語
とったろ,1000,1000,10827,動詞,*,子音動詞ラ行,タ系省略推量形,とる,とったろ,連語
とったら,998,998,10827,動詞,*,子音動詞ラ行,タ系条件形,とる,とったら,連語
とって,1006,1006,10827,動詞,*,子音動詞ラ行,タ系連用テ形,とる,とって,連語
とったり,1002,1002,10827,動詞,*,子音動詞ラ行,タ系連用タリ形,とる,とったり,連語
とっちゃ,1004,1004,10827,動詞,*,子音動詞ラ行,タ系連用チャ形,とる,とっちゃ,連語
とりゃ,1024,1024,10827,動詞,*,子音動詞ラ行,音便条件形,とる,とりゃ,連語
すこし,35,35,7675,副詞,*,*,*,すこし,すこし,連語
少し,35,35,3098,副詞,*,*,*,少し,すこし,連語
年,1633,1633,11721,接尾辞,名詞性名詞助数辞,*,*,年,ねん,連語
越し,1133,1133,2432,名詞,普通名詞,*,*,越し,こし,連語
の,1130,1130,11143,名詞,形式名詞,*,*,の,の,連語
おろか,35,35,6845,副詞,*,*,*,おろか,おろか,連語
一,1131,1131,11015,名詞,数詞,*,*,一,ひと,連語
人,1633,1633,12881,接尾辞,名詞性名詞助数辞,*,*,人,り,連語
また,687,687,5881,助詞,接続助詞,*,*,また,また,連語
つ,1633,1633,9285,接尾辞,名詞性名詞助数辞,*,*,つ,つ,連語
へん,1133,1133,11143,名詞,普通名詞,*,*,へん,へん,連語
本当,1337,1337,4358,形容詞,*,ナノ形容詞,語幹,本当だ,ほんとう,連語
本当だ,1336,1336,4358,形容詞,*,ナノ形容詞,基本形,本当だ,ほんとうだ,連語
本当な,1302,1302,4358,形容詞,*,ナノ形容詞,ダ列基本連体形,本当だ,ほんとうな,連語
本当の,1306,1306,4358,形容詞,*,ナノ形容詞,ダ列特殊連体形,本当だ,ほんとうの,連語
本当だろう,1299,1299,4358,形容詞,*,ナノ形容詞,ダ列基本推量形,本当だ,ほんとうだろう,連語
本当だろ,1301,1301,4358,形容詞,*,ナノ形容詞,ダ列基本省略推量形,本当だ,ほんとうだろ,連語
本当ならば,1300,1300,4358,形容詞,*,ナノ形容詞,ダ列基本条件形,本当だ,ほんとうならば,連語
本当に,1303,1303,4358,形容詞,*,ナノ形容詞,ダ列基本連用形,本当だ,ほんとうに,連語
本当だった,1292,1292,4358,形容詞,*,ナノ形容詞,ダ列タ形,本当だ,ほんとうだった,連語
本当だったろう,1293,1293,4358,形容詞,*,ナノ形容詞,ダ列タ系推量形,本当だ,ほんとうだったろう,連語
本当だったろ,1295,1295,4358,形容詞,*,ナノ形容詞,ダ列タ系省略推量形,本当だ,ほんとうだったろ,連語
本当だったら,1294,1294,4358,形容詞,*,ナノ形容詞,ダ列タ系条件形,本当だ,ほんとうだったら,連語
本当で,1298,1298,4358,形容詞,*,ナノ形容詞,ダ列タ系連用テ形,本当だ,ほんとうで,連語
本当だったり,1297,1297,4358,形容詞,*,ナノ形容詞,ダ列タ系連用タリ形,本当だ,ほんとうだったり,連語
本当じゃ,1296,1296,4358,形容詞,*,ナノ形容詞,ダ列タ系連用ジャ形,本当だ,ほんとうじゃ,連語
本当なる,1305,1305,4358,形容詞,*,ナノ形容詞,ダ列文語連体形,本当だ,ほんとうなる,連語
本当なれば,1304,1304,4358,形容詞,*,ナノ形容詞,ダ列文語条件形,本当だ,ほんとうなれば,連語
本当である,1314,1314,4358,形容詞,*,ナノ形容詞,デアル列基本形,本当だ,ほんとうである,連語
本当であれ,1313,1313,4358,形容詞,*,ナノ形容詞,デアル列命令形,本当だ,ほんとうであれ,連語
本当であろう,1315,1315,4358,形容詞,*,ナノ形容詞,デアル列基本推量形,本当だ,ほんとうであろう,連語
本当であろ,1317,1317,4358,形容詞,*,ナノ形容詞,デアル列基本省略推量形,本当だ,ほんとうであろ,連語
本当であれば,1316,1316,4358,形容詞,*,ナノ形容詞,デアル列基本条件形,本当だ,ほんとうであれば,連語
本当であり,1318,1318,4358,形容詞,*,ナノ形容詞,デアル列基本連用形,本当だ,ほんとうであり,連語
本当であった,1307,1307,4358,形容詞,*,ナノ形容詞,デアル列タ形,本当だ,ほんとうであった,連語
本当であったろう,1308,1308,4358,形容詞,*,ナノ形容詞,デアル列タ系推量形,本当だ,ほんとうであったろう,連語
本当であったろ,1310,1310,4358,形容詞,*,ナノ形容詞,デアル列タ系省略推量形,本当だ,ほんとうであったろ,連語
本当であったら,1309,1309,4358,形容詞,*,ナノ形容詞,デアル列タ系条件形,本当だ,ほんとうであったら,連語
本当であって,1312,1312,4358,形容詞,*,ナノ形容詞,デアル列タ系連用テ形,本当だ,ほんとうであって,連語
本当であったり,1311,1311,4358,形容詞,*,ナノ形容詞,デアル列タ系連用タリ形,本当だ,ほんとうであったり,連語
本当です,1325,1325,4358,形容詞,*,ナノ形容詞,デス列基本形,本当だ,ほんとうです,連語
本当でしょう,1326,1326,4358,形容詞,*,ナノ形容詞,デス列基本推量形,本当だ,ほんとうでしょう,連語
本当でしょ,1327,1327,4358,形容詞,*,ナノ形容詞,デス列基本省略推量形,本当だ,ほんとうでしょ,連語
本当でした,1319,1319,4358,形容詞,*,ナノ形容詞,デス列タ形,本当だ,ほんとうでした,連語
本当でしたろう,1320,1320,4358,形容詞,*,ナノ形容詞,デス列タ系推量形,本当だ,ほんとうでしたろう,連語
本当でしたろ,1322,1322,4358,形容詞,*,ナノ形容詞,デス列タ系省略推量形,本当だ,ほんとうでしたろ,連語
本当でしたら,1321,1321,4358,形容詞,*,ナノ形容詞,デス列タ系条件形,本当だ,ほんとうでしたら,連語
本当でして,1324,1324,4358,形容詞,*,ナノ形容詞,デス列タ系連用テ形,本当だ,ほんとうでして,連語
本当でしたり,1323,1323,4358,形容詞,*,ナノ形容詞,デス列タ系連用タリ形,本当だ,ほんとうでしたり,連語
本当や,1333,1333,4358,形容詞,*,ナノ形容詞,ヤ列基本形,本当だ,ほんとうや,連語
本当やろう,1334,1334,4358,形容詞,*,ナノ形容詞,ヤ列基本推量形,本当だ,ほんとうやろう,連語
本当やろ,1335,1335,4358,形容詞,*,ナノ形容詞,ヤ列基本省略推量形,本当だ,ほんとうやろ,連語
本当やった,1328,1328,4358,形容詞,*,ナノ形容詞,ヤ列タ形,本当だ,ほんとうやった,連語
本当やったろう,1329,1329,4358,形容詞,*,ナノ形容詞,ヤ列タ系推量形,本当だ,ほんとうやったろう,連語
本当やったろ,1331,1331,4358,形容詞,*,ナノ形容詞,ヤ列タ系省略推量形,本当だ,ほんとうやったろ,連語
本当やったら,1330,1330,4358,形容詞,*,ナノ形容詞,ヤ列タ系条件形,本当だ,ほんとうやったら,連語
本当やったり,1332,1332,4358,形容詞,*,ナノ形容詞,ヤ列タ系連用タリ形,本当だ,ほんとうやったり,連語
ほんとう,1337,1337,10506,形容詞,*,ナノ形容詞,語幹,ほんとうだ,ほんとう,連語
ほんとうだ,1336,1336,10506,形容詞,*,ナノ形容詞,基本形,ほんとうだ,ほんとうだ,連語
ほんとうな,1302,1302,10506,形容詞,*,ナノ形容詞,ダ列基本連体形,ほんとうだ,ほんとうな,連語
ほんとうの,1306,1306,10506,形容詞,*,ナノ形容詞,ダ列特殊連体形,ほんとうだ,ほんとうの,連語
ほんとうだろう,1299,1299,10506,形容詞,*,ナノ形容詞,ダ列基本推量形,ほんとうだ,ほんとうだろう,連語
ほんとうだろ,1301,1301,10506,形容詞,*,ナノ形容詞,ダ列基本省略推量形,ほんとうだ,ほんとうだろ,連語
ほんとうならば,1300,1300,10506,形容詞,*,ナノ形容詞,ダ列基本条件形,ほんとうだ,ほんとうならば,連語
ほんとうに,1303,1303,10506,形容詞,*,ナノ形容詞,ダ列基本連用形,ほんとうだ,ほんとうに,連語
ほんとうだった,1292,1292,10506,形容詞,*,ナノ形容詞,ダ列タ形,ほんとうだ,ほんとうだった,連語
ほんとうだったろう,1293,1293,10506,形容詞,*,ナノ形容詞,ダ列タ系推量形,ほんとうだ,ほんとうだったろう,連語
ほんとうだったろ,1295,1295,10506,形容詞,*,ナノ形容詞,ダ列タ系省略推量形,ほんとうだ,ほんとうだったろ,連語
ほんとうだったら,1294,1294,10506,形容詞,*,ナノ形容詞,ダ列タ系条件形,ほんとうだ,ほんとうだったら,連語
ほんとうで,1298,1298,10506,形容詞,*,ナノ形容詞,ダ列タ系連用テ形,ほんとうだ,ほんとうで,連語
ほんとうだったり,1297,1297,10506,形容詞,*,ナノ形容詞,ダ列タ系連用タリ形,ほんとうだ,ほんとうだったり,連語
ほんとうじゃ,1296,1296,10506,形容詞,*,ナノ形容詞,ダ列タ系連用ジャ形,ほんとうだ,ほんとうじゃ,連語
ほんとうなる,1305,1305,10506,形容詞,*,ナノ形容詞,ダ列文語連体形,ほんとうだ,ほんとうなる,連語
ほんとうなれば,1304,1304,10506,形容詞,*,ナノ形容詞,ダ列文語条件形,ほんとうだ,ほんとうなれば,連語
ほんとうである,1314,1314,10506,形容詞,*,ナノ形容詞,デアル列基本形,ほんとうだ,ほんとうである,連語
ほんとうであれ,1313,1313,10506,形容詞,*,ナノ形容詞,デアル列命令形,ほんとうだ,ほんとうであれ,連語
ほんとうであろう,1315,1315,10506,形容詞,*,ナノ形容詞,デアル列基本推量形,ほんとうだ,ほんとうであろう,連語
ほんとうであろ,1317,1317,10506,形容詞,*,ナノ形容詞,デアル列基本省略推量形,ほんとうだ,ほんとうであろ,連語
ほんとうであれば,1316,1316,10506,形容詞,*,ナノ形容詞,デアル列基本条件形,ほんとうだ,ほんとうであれば,連語
ほんとうであり,1318,1318,10506,形容詞,*,ナノ形容詞,デアル列基本連用形,ほんとうだ,ほんとうであり,連語
ほんとうであった,1307,1307,10506,形容詞,*,ナノ形容詞,デアル列タ形,ほんとうだ,ほんとうであった,連語
ほんとうであったろう,1308,1308,10506,形容詞,*,ナノ形容詞,デアル列タ系推量形,ほんとうだ,ほんとうであったろう,連語
ほんとうであったろ,1310,1310,10506,形容詞,*,ナノ形容詞,デアル列タ系省略推量形,ほんとうだ,ほんとうであったろ,連語
ほんとうであったら,1309,1309,10506,形容詞,*,ナノ形容詞,デアル列タ系条件形,ほんとうだ,ほんとうであったら,連語
ほんとうであって,1312,1312,10506,形容詞,*,ナノ形容詞,デアル列タ系連用テ形,ほんとうだ,ほんとうであって,連語
ほんとうであったり,1311,1311,10506,形容詞,*,ナノ形容詞,デアル列タ系連用タリ形,ほんとうだ,ほんとうであったり,連語
ほんとうです,1325,1325,10506,形容詞,*,ナノ形容詞,デス列基本形,ほんとうだ,ほんとうです,連語
ほんとうでしょう,1326,1326,10506,形容詞,*,ナノ形容詞,デス列基本推量形,ほんとうだ,ほんとうでしょう,連語
ほんとうでしょ,1327,1327,10506,形容詞,*,ナノ形容詞,デス列基本省略推量形,ほんとうだ,ほんとうでしょ,連語
ほんとうでした,1319,1319,10506,形容詞,*,ナノ形容詞,デス列タ形,ほんとうだ,ほんとうでした,連語
ほんとうでしたろう,1320,1320,10506,形容詞,*,ナノ形容詞,デス列タ系推量形,ほんとうだ,ほんとうでしたろう,連語
ほんとうでしたろ,1322,1322,10506,形容詞,*,ナノ形容詞,デス列タ系省略推量形,ほんとうだ,ほんとうでしたろ,連語
ほんとうでしたら,1321,1321,10506,形容詞,*,ナノ形容詞,デス列タ系条件形,ほんとうだ,ほんとうでしたら,連語
ほんとうでして,1324,1324,10506,形容詞,*,ナノ形容詞,デス列タ系連用テ形,ほんとうだ,ほんとうでして,連語
ほんとうでしたり,1323,1323,10506,形容詞,*,ナノ形容詞,デス列タ系連用タリ形,ほんとうだ,ほんとうでしたり,連語
ほんとうや,1333,1333,10506,形容詞,*,ナノ形容詞,ヤ列基本形,ほんとうだ,ほんとうや,連語
ほんとうやろう,1334,1334,10506,形容詞,*,ナノ形容詞,ヤ列基本推量形,ほんとうだ,ほんとうやろう,連語
ほんとうやろ,1335,1335,10506,形容詞,*,ナノ形容詞,ヤ列基本省略推量形,ほんとうだ,ほんとうやろ,連語
ほんとうやった,1328,1328,10506,形容詞,*,ナノ形容詞,ヤ列タ形,ほんとうだ,ほんとうやった,連語
ほんとうやったろう,1329,1329,10506,形容詞,*,ナノ形容詞,ヤ列タ系推量形,ほんとうだ,ほんとうやったろう,連語
ほんとうやったろ,1331,1331,10506,形容詞,*,ナノ形容詞,ヤ列タ系省略推量形,ほんとうだ,ほんとうやったろ,連語
ほんとうやったら,1330,1330,10506,形容詞,*,ナノ形容詞,ヤ列タ系条件形,ほんとうだ,ほんとうやったら,連語
ほんとうやったり,1332,1332,10506,形容詞,*,ナノ形容詞,ヤ列タ系連用タリ形,ほんとうだ,ほんとうやったり,連語
まで,689,689,9902,助詞,接続助詞,*,*,まで,まで,連語
恵み,1133,1133,4520,名詞,普通名詞,*,*,恵み,めぐみ,連語
めぐみ,1133,1133,11720,名詞,普通名詞,*,*,めぐみ,めぐみ,連語
多,1192,1192,5078,形容詞,*,イ形容詞アウオ段,語幹,多い,おお,連語
多い,1162,1162,5078,形容詞,*,イ形容詞アウオ段,基本形,多い,おおい,連語
多かれ,1159,1159,5078,形容詞,*,イ形容詞アウオ段,命令形,多い,おおかれ,連語
多かろう,1165,1165,5078,形容詞,*,イ形容詞アウオ段,基本推量形,多い,おおかろう,連語
多かろ,1171,1171,5078,形容詞,*,イ形容詞アウオ段,基本省略推量形,多い,おおかろ,連語
多ければ,1168,1168,5078,形容詞,*,イ形容詞アウオ段,基本条件形,多い,おおければ,連語
多く,1174,1174,5078,形容詞,*,イ形容詞アウオ段,基本連用形,多い,おおく,連語
多かった,1135,1135,5078,形容詞,*,イ形容詞アウオ段,タ形,多い,おおかった,連語
多かったろう,1138,1138,5078,形容詞,*,イ形容詞アウオ段,タ系推量形,多い,おおかったろう,連語
多かったろ,1144,1144,5078,形容詞,*,イ形容詞アウオ段,タ系省略推量形,多い,おおかったろ,連語
多かったら,1141,1141,5078,形容詞,*,イ形容詞アウオ段,タ系条件形,多い,おおかったら,連語
多くて,1156,1156,5078,形容詞,*,イ形容詞アウオ段,タ系連用テ形,多い,おおくて,連語
多かったり,1147,1147,5078,形容詞,*,イ形容詞アウオ段,タ系連用タリ形,多い,おおかったり,連語
多くちゃ,1150,1150,5078,形容詞,*,イ形容詞アウオ段,タ系連用チャ形,多い,おおくちゃ,連語
多くっちゃ,1153,1153,5078,形容詞,*,イ形容詞アウオ段,タ系連用チャ形２,多い,おおくっちゃ,連語
多けりゃ,1195,1195,5078,形容詞,*,イ形容詞アウオ段,音便条件形,多い,おおけりゃ,連語
多きゃ,1198,1198,5078,形容詞,*,イ形容詞アウオ段,音便条件形２,多い,おおきゃ,連語
多し,1180,1180,5078,形容詞,*,イ形容詞アウオ段,文語基本形,多い,おおし,連語
多から,1183,1183,5078,形容詞,*,イ形容詞アウオ段,文語未然形,多い,おおから,連語
多う,1189,1189,5078,形容詞,*,イ形容詞アウオ段,文語連用形,多い,おおう,連語
多き,1186,1186,5078,形容詞,*,イ形容詞アウオ段,文語連体形,多い,おおき,連語
多かれ,1177,1177,5078,形容詞,*,イ形容詞アウオ段,文語命令形,多い,おおかれ,連語
おお,1192,1192,8727,形容詞,*,イ形容詞アウオ段,語幹,おおい,おお,連語
おおい,1162,1162,8727,形容詞,*,イ形容詞アウオ段,基本形,おおい,おおい,連語
おおかれ,1159,1159,8727,形容詞,*,イ形容詞アウオ段,命令形,おおい,おおかれ,連語
おおかろう,1165,1165,8727,形容詞,*,イ形容詞アウオ段,基本推量形,おおい,おおかろう,連語
おおかろ,1171,1171,8727,形容詞,*,イ形容詞アウオ段,基本省略推量形,おおい,おおかろ,連語
おおければ,1168,1168,8727,形容詞,*,イ形容詞アウオ段,基本条件形,おおい,おおければ,連語
おおく,1174,1174,8727,形容詞,*,イ形容詞アウオ段,基本連用形,おおい,おおく,連語
おおかった,1135,1135,8727,形容詞,*,イ形容詞アウオ段,タ形,おおい,おおかった,連語
おおかったろう,1138,1138,8727,形容詞,*,イ形容詞アウオ段,タ系推量形,おおい,おおかったろう,連語
おおかったろ,1144,1144,8727,形容詞,*,イ形容詞アウオ段,タ系省略推量形,おおい,おおかったろ,連語
おおかったら,1141,1141,8727,形容詞,*,イ形容詞アウオ段,タ系条件形,おおい,おおかったら,連語
おおくて,1156,1156,8727,形容詞,*,イ形容詞アウオ段,タ系連用テ形,おおい,おおくて,連語
おおかったり,1147,1147,8727,形容詞,*,イ形容詞アウオ段,タ系連用タリ形,おおい,おおかったり,連語
おおくちゃ,1150,1150,8727,形容詞,*,イ形容詞アウオ段,タ系連用チャ形,おおい,おおくちゃ,連語
おおくっちゃ,1153,1153,8727,形容詞,*,イ形容詞アウオ段,タ系連用チャ形２,おおい,おおくっちゃ,連語
おおけりゃ,1195,1195,8727,形容詞,*,イ形容詞アウオ段,音便条件形,おおい,おおけりゃ,連語
おおきゃ,1198,1198,8727,形容詞,*,イ形容詞アウオ段,音便条件形２,おおい,おおきゃ,連語
おおし,1180,1180,8727,形容詞,*,イ形容詞アウオ段,文語基本形,おおい,おおし,連語
おおから,1183,1183,8727,形容詞,*,イ形容詞アウオ段,文語未然形,おおい,おおから,連語
おおう,1189,1189,8727,形容詞,*,イ形容詞アウオ段,文語連用形,おおい,おおう,連語
おおき,1186,1186,8727,形容詞,*,イ形容詞アウオ段,文語連体形,おおい,おおき,連語
おおかれ,1177,1177,8727,形容詞,*,イ形容詞アウオ段,文語命令形,おおい,おおかれ,連語
少な,1192,1192,3895,形容詞,*,イ形容詞アウオ段,語幹,少ない,すくな,連語
少ない,1162,1162,3895,形容詞,*,イ形容詞アウオ段,基本形,少ない,すくない,連語
少なかれ,1159,1159,3895,形容詞,*,イ形容詞アウオ段,命令形,少ない,すくなかれ,連語
少なかろう,1165,1165,3895,形容詞,*,イ形容詞アウオ段,基本推量形,少ない,すくなかろう,連語
少なかろ,1171,1171,3895,形容詞,*,イ形容詞アウオ段,基本省略推量形,少ない,すくなかろ,連語
少なければ,1168,1168,3895,形容詞,*,イ形容詞アウオ段,基本条件形,少ない,すくなければ,連語
少なく,1174,1174,3895,形容詞,*,イ形容詞アウオ段,基本連用形,少ない,すくなく,連語
少なかった,1135,1135,3895,形容詞,*,イ形容詞アウオ段,タ形,少ない,すくなかった,連語
少なかったろう,1138,1138,3895,形容詞,*,イ形容詞アウオ段,タ系推量形,少ない,すくなかったろう,連語
少なかったろ,1144,1144,3895,形容詞,*,イ形容詞アウオ段,タ系省略推量形,少ない,すくなかったろ,連語
少なかったら,1141,1141,3895,形容詞,*,イ形容詞アウオ段,タ系条件形,少ない,すくなかったら,連語
少なくて,1156,1156,3895,形容詞,*,イ形容詞アウオ段,タ系連用テ形,少ない,すくなくて,連語
少なかったり,1147,1147,3895,形容詞,*,イ形容詞アウオ段,タ系連用タリ形,少ない,すくなかったり,連語
少なくちゃ,1150,1150,3895,形容詞,*,イ形容詞アウオ段,タ系連用チャ形,少ない,すくなくちゃ,連語
少なくっちゃ,1153,1153,3895,形容詞,*,イ形容詞アウオ段,タ系連用チャ形２,少ない,すくなくっちゃ,連語
少なけりゃ,1195,1195,3895,形容詞,*,イ形容詞アウオ段,音便条件形,少ない,すくなけりゃ,連語
少なきゃ,1198,1198,3895,形容詞,*,イ形容詞アウオ段,音便条件形２,少ない,すくなきゃ,連語
少なし,1180,1180,3895,形容詞,*,イ形容詞アウオ段,文語基本形,少ない,すくなし,連語
少なから,1183,1183,3895,形容詞,*,イ形容詞アウオ段,文語未然形,少ない,すくなから,連語
少なう,1189,1189,3895,形容詞,*,イ形容詞アウオ段,文語連用形,少ない,すくなう,連語
少なき,1186,1186,3895,形容詞,*,イ形容詞アウオ段,文語連体形,少ない,すくなき,連語
少なかれ,1177,1177,3895,形容詞,*,イ形容詞アウオ段,文語命令形,少ない,すくなかれ,連語
すくな,1192,1192,10535,形容詞,*,イ形容詞アウオ段,語幹,すくない,すくな,連語
すくない,1162,1162,10535,形容詞,*,イ形容詞アウオ段,基本形,すくない,すくない,連語
すくなかれ,1159,1159,10535,形容詞,*,イ形容詞アウオ段,命令形,すくない,すくなかれ,連語
すくなかろう,1165,1165,10535,形容詞,*,イ形容詞アウオ段,基本推量形,すくない,すくなかろう,連語
すくなかろ,1171,1171,10535,形容詞,*,イ形容詞アウオ段,基本省略推量形,すくない,すくなかろ,連語
すくなければ,1168,1168,10535,形容詞,*,イ形容詞アウオ段,基本条件形,すくない,すくなければ,連語
すくなく,1174,1174,10535,形容詞,*,イ形容詞アウオ段,基本連用形,すくない,すくなく,連語
すくなかった,1135,1135,10535,形容詞,*,イ形容詞アウオ段,タ形,すくない,すくなかった,連語
すくなかったろう,1138,1138,10535,形容詞,*,イ形容詞アウオ段,タ系推量形,すくない,すくなかったろう,連語
すくなかったろ,1144,1144,10535,形容詞,*,イ形容詞アウオ段,タ系省略推量形,すくない,すくなかったろ,連語
すくなかったら,1141,1141,10535,形容詞,*,イ形容詞アウオ段,タ系条件形,すくない,すくなかったら,連語
すくなくて,1156,1156,10535,形容詞,*,イ形容詞アウオ段,タ系連用テ形,すくない,すくなくて,連語
すくなかったり,1147,1147,10535,形容詞,*,イ形容詞アウオ段,タ系連用タリ形,すくない,すくなかったり,連語
すくなくちゃ,1150,1150,10535,形容詞,*,イ形容詞アウオ段,タ系連用チャ形,すくない,すくなくちゃ,連語
すくなくっちゃ,1153,1153,10535,形容詞,*,イ形容詞アウオ段,タ系連用チャ形２,すくない,すくなくっちゃ,連語
すくなけりゃ,1195,1195,10535,形容詞,*,イ形容詞アウオ段,音便条件形,すくない,すくなけりゃ,連語
すくなきゃ,1198,1198,10535,形容詞,*,イ形容詞アウオ段,音便条件形２,すくない,すくなきゃ,連語
すくなし,1180,1180,10535,形容詞,*,イ形容詞アウオ段,文語基本形,すくない,すくなし,連語
すくなから,1183,1183,10535,形容詞,*,イ形容詞アウオ段,文語未然形,すくない,すくなから,連語
すくなう,1189,1189,10535,形容詞,*,イ形容詞アウオ段,文語連用形,すくない,すくなう,連語
すくなき,1186,1186,10535,形容詞,*,イ形容詞アウオ段,文語連体形,すくない,すくなき,連語
すくなかれ,1177,1177,10535,形容詞,*,イ形容詞アウオ段,文語命令形,すくない,すくなかれ,連語
や,990,990,11847,動詞,*,子音動詞マ行,語幹,やむ,や,連語
やむ,984,984,11847,動詞,*,子音動詞マ行,基本形,やむ,やむ,連語
やま,988,988,11847,動詞,*,子音動詞マ行,未然形,やむ,やま,連語
やもう,987,987,11847,動詞,*,子音動詞マ行,意志形,やむ,やもう,連語
やも,989,989,11847,動詞,*,子音動詞マ行,省略意志形,やむ,やも,連語
やめ,983,983,11847,動詞,*,子音動詞マ行,命令形,やむ,やめ,連語
やめば,985,985,11847,動詞,*,子音動詞マ行,基本条件形,やむ,やめば,連語
やみ,986,986,11847,動詞,*,子音動詞マ行,基本連用形,やむ,やみ,連語
やん,976,976,11847,動詞,*,子音動詞マ行,タ接連用形,やむ,やん,連語
やんだ,975,975,11847,動詞,*,子音動詞マ行,タ形,やむ,やんだ,連語
やんだろう,977,977,11847,動詞,*,子音動詞マ行,タ系推量形,やむ,やんだろう,連語
やんたろ,979,979,11847,動詞,*,子音動詞マ行,タ系省略推量形,やむ,やんたろ,連語
やんだら,978,978,11847,動詞,*,子音動詞マ行,タ系条件形,やむ,やんだら,連語
やんで,982,982,11847,動詞,*,子音動詞マ行,タ系連用テ形,やむ,やんで,連語
やんだり,980,980,11847,動詞,*,子音動詞マ行,タ系連用タリ形,やむ,やんだり,連語
やんじゃ,981,981,11847,動詞,*,子音動詞マ行,タ系連用チャ形,やむ,やんじゃ,連語
やみゃ,991,991,11847,動詞,*,子音動詞マ行,音便条件形,やむ,やみゃ,連語
止,990,990,7229,動詞,*,子音動詞マ行,語幹,止む,や,連語
止む,984,984,7229,動詞,*,子音動詞マ行,基本形,止む,やむ,連語
止ま,988,988,7229,動詞,*,子音動詞マ行,未然形,止む,やま,連語
止もう,987,987,7229,動詞,*,子音動詞マ行,意志形,止む,やもう,連語
止も,989,989,7229,動詞,*,子音動詞マ行,省略意志形,止む,やも,連語
止め,983,983,7229,動詞,*,子音動詞マ行,命令形,止む,やめ,連語
止めば,985,985,7229,動詞,*,子音動詞マ行,基本条件形,止む,やめば,連語
止み,986,986,7229,動詞,*,子音動詞マ行,基本連用形,止む,やみ,連語
止ん,976,976,7229,動詞,*,子音動詞マ行,タ接連用形,止む,やん,連語
止んだ,975,975,7229,動詞,*,子音動詞マ行,タ形,止む,やんだ,連語
止んだろう,977,977,7229,動詞,*,子音動詞マ行,タ系推量形,止む,やんだろう,連語
止んたろ,979,979,7229,動詞,*,子音動詞マ行,タ系省略推量形,止む,やんたろ,連語
止んだら,978,978,7229,動詞,*,子音動詞マ行,タ系条件形,止む,やんだら,連語
止んで,982,982,7229,動詞,*,子音動詞マ行,タ系連用テ形,止む,やんで,連語
止んだり,980,980,7229,動詞,*,子音動詞マ行,タ系連用タリ形,止む,やんだり,連語
止んじゃ,981,981,7229,動詞,*,子音動詞マ行,タ系連用チャ形,止む,やんじゃ,連語
止みゃ,991,991,7229,動詞,*,子音動詞マ行,音便条件形,止む,やみゃ,連語
を,716,716,6299,助詞,格助詞,*,*,を,を,連語
え,1123,1123,13915,動詞,*,母音動詞,語幹,える,え,連語
える,1116,1116,13915,動詞,*,母音動詞,基本形,える,える,連語
え,1121,1121,13915,動詞,*,母音動詞,未然形,える,え,連語
えよう,1119,1119,13915,動詞,*,母音動詞,意志形,える,えよう,連語
えよ,1122,1122,13915,動詞,*,母音動詞,省略意志形,える,えよ,連語
えろ,1115,1115,13915,動詞,*,母音動詞,命令形,える,えろ,連語
えれば,1117,1117,13915,動詞,*,母音動詞,基本条件形,える,えれば,連語
え,1118,1118,13915,動詞,*,母音動詞,基本連用形,える,え,連語
え,1108,1108,13915,動詞,*,母音動詞,タ接連用形,える,え,連語
えた,1107,1107,13915,動詞,*,母音動詞,タ形,える,えた,連語
えたろう,1109,1109,13915,動詞,*,母音動詞,タ系推量形,える,えたろう,連語
えたろ,1111,1111,13915,動詞,*,母音動詞,タ系省略推量形,える,えたろ,連語
えたら,1110,1110,13915,動詞,*,母音動詞,タ系条件形,える,えたら,連語
えて,1114,1114,13915,動詞,*,母音動詞,タ系連用テ形,える,えて,連語
えたり,1112,1112,13915,動詞,*,母音動詞,タ系連用タリ形,える,えたり,連語
えちゃ,1113,1113,13915,動詞,*,母音動詞,タ系連用チャ形,える,えちゃ,連語
えりゃ,1124,1124,13915,動詞,*,母音動詞,音便条件形,える,えりゃ,連語
えよ,1120,1120,13915,動詞,*,母音動詞,文語命令形,える,えよ,連語
得,1123,1123,6907,動詞,*,母音動詞,語幹,得る,え,連語
得る,1116,1116,6907,動詞,*,母音動詞,基本形,得る,える,連語
得,1121,1121,6907,動詞,*,母音動詞,未然形,得る,え,連語
得よう,1119,1119,6907,動詞,*,母音動詞,意志形,得る,えよう,連語
得よ,1122,1122,6907,動詞,*,母音動詞,省略意志形,得る,えよ,連語
得ろ,1115,1115,6907,動詞,*,母音動詞,命令形,得る,えろ,連語
得れば,1117,1117,6907,動詞,*,母音動詞,基本条件形,得る,えれば,連語
得,1118,1118,6907,動詞,*,母音動詞,基本連用形,得る,え,連語
得,1108,1108,6907,動詞,*,母音動詞,タ接連用形,得る,え,連語
得た,1107,1107,6907,動詞,*,母音動詞,タ形,得る,えた,連語
得たろう,1109,1109,6907,動詞,*,母音動詞,タ系推量形,得る,えたろう,連語
得たろ,1111,1111,6907,動詞,*,母音動詞,タ系省略推量形,得る,えたろ,連語
得たら,1110,1110,6907,動詞,*,母音動詞,タ系条件形,得る,えたら,連語
得て,1114,1114,6907,動詞,*,母音動詞,タ系連用テ形,得る,えて,連語
得たり,1112,1112,6907,動詞,*,母音動詞,タ系連用タリ形,得る,えたり,連語
得ちゃ,1113,1113,6907,動詞,*,母音動詞,タ系連用チャ形,得る,えちゃ,連語
得りゃ,1124,1124,6907,動詞,*,母音動詞,音便条件形,得る,えりゃ,連語
得よ,1120,1120,6907,動詞,*,母音動詞,文語命令形,得る,えよ,連語
もたら,922,922,13306,動詞,*,子音動詞サ行,語幹,もたらす,もたら,連語
もたらす,916,916,13306,動詞,*,子音動詞サ行,基本形,もたらす,もたらす,連語
もたらさ,920,920,13306,動詞,*,子音動詞サ行,未然形,もたらす,もたらさ,連語
もたらそう,919,919,13306,動詞,*,子音動詞サ行,意志形,もたらす,もたらそう,連語
もたらそ,921,921,13306,動詞,*,子音動詞サ行,省略意志形,もたらす,もたらそ,連語
もたらせ,915,915,13306,動詞,*,子音動詞サ行,命令形,もたらす,もたらせ,連語
もたらせば,917,917,13306,動詞,*,子音動詞サ行,基本条件形,もたらす,もたらせば,連語
もたらし,918,918,13306,動詞,*,子音動詞サ行,基本連用形,もたらす,もたらし,連語
もたらし,908,908,13306,動詞,*,子音動詞サ行,タ接連用形,もたらす,もたらし,連語
もたらした,907,907,13306,動詞,*,子音動詞サ行,タ形,もたらす,もたらした,連語
もたらしたろう,909,909,13306,動詞,*,子音動詞サ行,タ系推量形,もたらす,もたらしたろう,連語
もたらしたろ,911,911,13306,動詞,*,子音動詞サ行,タ系省略推量形,もたらす,もたらしたろ,連語
もたらしたら,910,910,13306,動詞,*,子音動詞サ行,タ系条件形,もたらす,もたらしたら,連語
もたらして,914,914,13306,動詞,*,子音動詞サ行,タ系連用テ形,もたらす,もたらして,連語
もたらしたり,912,912,13306,動詞,*,子音動詞サ行,タ系連用タリ形,もたらす,もたらしたり,連語
もたらしちゃ,913,913,13306,動詞,*,子音動詞サ行,タ系連用チャ形,もたらす,もたらしちゃ,連語
もたらしゃ,923,923,13306,動詞,*,子音動詞サ行,音便条件形,もたらす,もたらしゃ,連語
より,35,35,8871,副詞,*,*,*,より,より,連語
ひと,1131,1131,9629,名詞,数詞,*,*,ひと,ひと,連語
１,1131,1131,11570,名詞,数詞,*,*,１,ひと,連語
ふた,1131,1131,12003,名詞,数詞,*,*,ふた,ふた,連語
二,1131,1131,10276,名詞,数詞,*,*,二,ふた,連語
２,1131,1131,11288,名詞,数詞,*,*,２,ふた,連語
みっ,1131,1131,10782,名詞,数詞,*,*,みっ,みっ,連語
三,1131,1131,10492,名詞,数詞,*,*,三,みっ,連語
３,1131,1131,10975,名詞,数詞,*,*,３,みっ,連語
よっ,1131,1131,9814,名詞,数詞,*,*,よっ,よっ,連語
四,1131,1131,10886,名詞,数詞,*,*,四,よっ,連語
４,1131,1131,11422,名詞,数詞,*,*,４,よっ,連語
いつ,1131,1131,13877,名詞,数詞,*,*,いつ,いつ,連語
五,1131,1131,10475,名詞,数詞,*,*,五,いつ,連語
５,1131,1131,11345,名詞,数詞,*,*,５,いつ,連語
むっ,1131,1131,11062,名詞,数詞,*,*,むっ,むっ,連語
六,1131,1131,11307,名詞,数詞,*,*,六,むっ,連語
６,1131,1131,9338,名詞,数詞,*,*,６,むっ,連語
なな,1131,1131,11063,名詞,数詞,*,*,なな,なな,連語
七,1131,1131,11275,名詞,数詞,*,*,七,なな,連語
７,1131,1131,11163,名詞,数詞,*,*,７,なな,連語
やっ,1131,1131,5632,名詞,数詞,*,*,やっ,やっ,連語
八,1131,1131,10026,名詞,数詞,*,*,八,やっ,連語
８,1131,1131,11239,名詞,数詞,*,*,８,やっ,連語
ここの,1131,1131,11094,名詞,数詞,*,*,ここの,ここの,連語
九,1131,1131,11768,名詞,数詞,*,*,九,ここの,連語
９,1131,1131,11229,名詞,数詞,*,*,９,ここの,連語
いく,1131,1131,11969,名詞,数詞,*,*,いく,いく,連語
幾,1131,1131,7094,名詞,数詞,*,*,幾,いく,連語
り,1633,1633,10579,接尾辞,名詞性名詞助数辞,*,*,り,り,連語
棟,1133,1133,5418,名詞,普通名詞,*,*,棟,むね,代表表記:棟/むね 連語
むね,1133,1133,11824,名詞,普通名詞,*,*,むね,むね,代表表記:棟/むね 連語
粒,1133,1133,5332,名詞,普通名詞,*,*,粒,つぶ,代表表記:粒/つぶ 連語
つぶ,1133,1133,12792,名詞,普通名詞,*,*,つぶ,つぶ,代表表記:粒/つぶ 連語
管,1133,1133,7170,名詞,普通名詞,*,*,管,かん,連語
内,1634,1634,7527,接尾辞,名詞性名詞接尾辞,*,*,内,ない,連語
月,1132,1132,5809,名詞,時相名詞,*,*,月,げつ,連語
口,1133,1133,7652,名詞,普通名詞,*,*,口,こう,連語
国,1133,1133,8215,名詞,普通名詞,*,*,国,こく,連語
内外,1133,1133,5866,名詞,普通名詞,*,*,内外,ないがい,連語
車,1133,1133,7682,名詞,普通名詞,*,*,車,しゃ,連語
所,1133,1133,7235,名詞,普通名詞,*,*,所,しょ,連語
場,1133,1133,7449,名詞,普通名詞,*,*,場,じょう,連語
船,1133,1133,6750,名詞,普通名詞,*,*,船,せん,連語
体,1133,1133,5659,名詞,普通名詞,*,*,体,たい,連語
店,1133,1133,6295,名詞,普通名詞,*,*,店,てん,連語
年,1132,1132,8394,名詞,時相名詞,*,*,年,ねん,連語
外,1133,1133,5220,名詞,普通名詞,*,*,外,がい,連語
に,685,685,11590,助詞,接続助詞,*,*,に,に,連語
や,693,693,5805,助詞,接続助詞,*,*,や,や,連語
これ,1432,1432,7251,指示詞,名詞形態指示詞,*,*,これ,これ,連語
まで,714,714,7406,助詞,格助詞,*,*,まで,まで,連語
どおり,1634,1634,9724,接尾辞,名詞性名詞接尾辞,*,*,どおり,どおり,連語
いずれ,35,35,7658,副詞,*,*,*,いずれ,いずれ,連語
お,1868,1868,10549,接頭辞,名詞接頭辞,*,*,お,お,連語
い,1529,1529,13155,接尾辞,動詞性接尾辞,子音動詞カ行促音便形,語幹,いく,い,連語
いく,1523,1523,13155,接尾辞,動詞性接尾辞,子音動詞カ行促音便形,基本形,いく,いく,連語
いか,1527,1527,13155,接尾辞,動詞性接尾辞,子音動詞カ行促音便形,未然形,いく,いか,連語
いこう,1526,1526,13155,接尾辞,動詞性接尾辞,子音動詞カ行促音便形,意志形,いく,いこう,連語
いこ,1528,1528,13155,接尾辞,動詞性接尾辞,子音動詞カ行促音便形,省略意志形,いく,いこ,連語
いけ,1522,1522,13155,接尾辞,動詞性接尾辞,子音動詞カ行促音便形,命令形,いく,いけ,連語
いけば,1524,1524,13155,接尾辞,動詞性接尾辞,子音動詞カ行促音便形,基本条件形,いく,いけば,連語
いき,1525,1525,13155,接尾辞,動詞性接尾辞,子音動詞カ行促音便形,基本連用形,いく,いき,連語
いっ,1515,1515,13155,接尾辞,動詞性接尾辞,子音動詞カ行促音便形,タ接連用形,いく,いっ,連語
いった,1514,1514,13155,接尾辞,動詞性接尾辞,子音動詞カ行促音便形,タ形,いく,いった,連語
いったろう,1516,1516,13155,接尾辞,動詞性接尾辞,子音動詞カ行促音便形,タ系推量形,いく,いったろう,連語
いったろ,1518,1518,13155,接尾辞,動詞性接尾辞,子音動詞カ行促音便形,タ系省略推量形,いく,いったろ,連語
いったら,1517,1517,13155,接尾辞,動詞性接尾辞,子音動詞カ行促音便形,タ系条件形,いく,いったら,連語
いって,1521,1521,13155,接尾辞,動詞性接尾辞,子音動詞カ行促音便形,タ系連用テ形,いく,いって,連語
いったり,1519,1519,13155,接尾辞,動詞性接尾辞,子音動詞カ行促音便形,タ系連用タリ形,いく,いったり,連語
いっちゃ,1520,1520,13155,接尾辞,動詞性接尾辞,子音動詞カ行促音便形,タ系連用チャ形,いく,いっちゃ,連語
いきゃ,1530,1530,13155,接尾辞,動詞性接尾辞,子音動詞カ行促音便形,音便条件形,いく,いきゃ,連語
くれ,1631,1631,12871,接尾辞,動詞性接尾辞,母音動詞,語幹,くれる,くれ,連語
くれる,1624,1624,12871,接尾辞,動詞性接尾辞,母音動詞,基本形,くれる,くれる,連語
くれ,1629,1629,12871,接尾辞,動詞性接尾辞,母音動詞,未然形,くれる,くれ,連語
くれよう,1627,1627,12871,接尾辞,動詞性接尾辞,母音動詞,意志形,くれる,くれよう,連語
くれよ,1630,1630,12871,接尾辞,動詞性接尾辞,母音動詞,省略意志形,くれる,くれよ,連語
くれろ,1623,1623,12871,接尾辞,動詞性接尾辞,母音動詞,命令形,くれる,くれろ,連語
くれれば,1625,1625,12871,接尾辞,動詞性接尾辞,母音動詞,基本条件形,くれる,くれれば,連語
くれ,1626,1626,12871,接尾辞,動詞性接尾辞,母音動詞,基本連用形,くれる,くれ,連語
くれ,1616,1616,12871,接尾辞,動詞性接尾辞,母音動詞,タ接連用形,くれる,くれ,連語
くれた,1615,1615,12871,接尾辞,動詞性接尾辞,母音動詞,タ形,くれる,くれた,連語
くれたろう,1617,1617,12871,接尾辞,動詞性接尾辞,母音動詞,タ系推量形,くれる,くれたろう,連語
くれたろ,1619,1619,12871,接尾辞,動詞性接尾辞,母音動詞,タ系省略推量形,くれる,くれたろ,連語
くれたら,1618,1618,12871,接尾辞,動詞性接尾辞,母音動詞,タ系条件形,くれる,くれたら,連語
くれて,1622,1622,12871,接尾辞,動詞性接尾辞,母音動詞,タ系連用テ形,くれる,くれて,連語
くれたり,1620,1620,12871,接尾辞,動詞性接尾辞,母音動詞,タ系連用タリ形,くれる,くれたり,連語
くれちゃ,1621,1621,12871,接尾辞,動詞性接尾辞,母音動詞,タ系連用チャ形,くれる,くれちゃ,連語
くれりゃ,1632,1632,12871,接尾辞,動詞性接尾辞,母音動詞,音便条件形,くれる,くれりゃ,連語
くれよ,1628,1628,12871,接尾辞,動詞性接尾辞,母音動詞,文語命令形,くれる,くれよ,連語
もら,1614,1614,13620,接尾辞,動詞性接尾辞,子音動詞ワ行,語幹,もらう,もら,連語
もらう,1608,1608,13620,接尾辞,動詞性接尾辞,子音動詞ワ行,基本形,もらう,もらう,連語
もらわ,1612,1612,13620,接尾辞,動詞性接尾辞,子音動詞ワ行,未然形,もらう,もらわ,連語
もらおう,1611,1611,13620,接尾辞,動詞性接尾辞,子音動詞ワ行,意志形,もらう,もらおう,連語
もらお,1613,1613,13620,接尾辞,動詞性接尾辞,子音動詞ワ行,省略意志形,もらう,もらお,連語
もらえ,1607,1607,13620,接尾辞,動詞性接尾辞,子音動詞ワ行,命令形,もらう,もらえ,連語
もらえば,1609,1609,13620,接尾辞,動詞性接尾辞,子音動詞ワ行,基本条件形,もらう,もらえば,連語
もらい,1610,1610,13620,接尾辞,動詞性接尾辞,子音動詞ワ行,基本連用形,もらう,もらい,連語
もらっ,1600,1600,13620,接尾辞,動詞性接尾辞,子音動詞ワ行,タ接連用形,もらう,もらっ,連語
もらった,1599,1599,13620,接尾辞,動詞性接尾辞,子音動詞ワ行,タ形,もらう,もらった,連語
もらったろう,1601,1601,13620,接尾辞,動詞性接尾辞,子音動詞ワ行,タ系推量形,もらう,もらったろう,連語
もらったろ,1603,1603,13620,接尾辞,動詞性接尾辞,子音動詞ワ行,タ系省略推量形,もらう,もらったろ,連語
もらったら,1602,1602,13620,接尾辞,動詞性接尾辞,子音動詞ワ行,タ系条件形,もらう,もらったら,連語
もらって,1606,1606,13620,接尾辞,動詞性接尾辞,子音動詞ワ行,タ系連用テ形,もらう,もらって,連語
もらったり,1604,1604,13620,接尾辞,動詞性接尾辞,子音動詞ワ行,タ系連用タリ形,もらう,もらったり,連語
もらっちゃ,1605,1605,13620,接尾辞,動詞性接尾辞,子音動詞ワ行,タ系連用チャ形,もらう,もらっちゃ,連語
しま,1614,1614,11931,接尾辞,動詞性接尾辞,子音動詞ワ行,語幹,しまう,しま,連語
しまう,1608,1608,11931,接尾辞,動詞性接尾辞,子音動詞ワ行,基本形,しまう,しまう,連語
しまわ,1612,1612,11931,接尾辞,動詞性接尾辞,子音動詞ワ行,未然形,しまう,しまわ,連語
しまおう,1611,1611,11931,接尾辞,動詞性接尾辞,子音動詞ワ行,意志形,しまう,しまおう,連語
しまお,1613,1613,11931,接尾辞,動詞性接尾辞,子音動詞ワ行,省略意志形,しまう,しまお,連語
しまえ,1607,1607,11931,接尾辞,動詞性接尾辞,子音動詞ワ行,命令形,しまう,しまえ,連語
しまえば,1609,1609,11931,接尾辞,動詞性接尾辞,子音動詞ワ行,基本条件形,しまう,しまえば,連語
しまい,1610,1610,11931,接尾辞,動詞性接尾辞,子音動詞ワ行,基本連用形,しまう,しまい,連語
しまっ,1600,1600,11931,接尾辞,動詞性接尾辞,子音動詞ワ行,タ接連用形,しまう,しまっ,連語
しまった,1599,1599,11931,接尾辞,動詞性接尾辞,子音動詞ワ行,タ形,しまう,しまった,連語
しまったろう,1601,1601,11931,接尾辞,動詞性接尾辞,子音動詞ワ行,タ系推量形,しまう,しまったろう,連語
しまったろ,1603,1603,11931,接尾辞,動詞性接尾辞,子音動詞ワ行,タ系省略推量形,しまう,しまったろ,連語
しまったら,1602,1602,11931,接尾辞,動詞性接尾辞,子音動詞ワ行,タ系条件形,しまう,しまったら,連語
しまって,1606,1606,11931,接尾辞,動詞性接尾辞,子音動詞ワ行,タ系連用テ形,しまう,しまって,連語
しまったり,1604,1604,11931,接尾辞,動詞性接尾辞,子音動詞ワ行,タ系連用タリ形,しまう,しまったり,連語
しまっちゃ,1605,1605,11931,接尾辞,動詞性接尾辞,子音動詞ワ行,タ系連用チャ形,しまう,しまっちゃ,連語
い,1631,1631,12458,接尾辞,動詞性接尾辞,母音動詞,語幹,いる,い,連語
いる,1624,1624,12458,接尾辞,動詞性接尾辞,母音動詞,基本形,いる,いる,連語
い,1629,1629,12458,接尾辞,動詞性接尾辞,母音動詞,未然形,いる,い,連語
いよう,1627,1627,12458,接尾辞,動詞性接尾辞,母音動詞,意志形,いる,いよう,連語
いよ,1630,1630,12458,接尾辞,動詞性接尾辞,母音動詞,省略意志形,いる,いよ,連語
いろ,1623,1623,12458,接尾辞,動詞性接尾辞,母音動詞,命令形,いる,いろ,連語
いれば,1625,1625,12458,接尾辞,動詞性接尾辞,母音動詞,基本条件形,いる,いれば,連語
い,1626,1626,12458,接尾辞,動詞性接尾辞,母音動詞,基本連用形,いる,い,連語
い,1616,1616,12458,接尾辞,動詞性接尾辞,母音動詞,タ接連用形,いる,い,連語
いた,1615,1615,12458,接尾辞,動詞性接尾辞,母音動詞,タ形,いる,いた,連語
いたろう,1617,1617,12458,接尾辞,動詞性接尾辞,母音動詞,タ系推量形,いる,いたろう,連語
いたろ,1619,1619,12458,接尾辞,動詞性接尾辞,母音動詞,タ系省略推量形,いる,いたろ,連語
いたら,1618,1618,12458,接尾辞,動詞性接尾辞,母音動詞,タ系条件形,いる,いたら,連語
いて,1622,1622,12458,接尾辞,動詞性接尾辞,母音動詞,タ系連用テ形,いる,いて,連語
いたり,1620,1620,12458,接尾辞,動詞性接尾辞,母音動詞,タ系連用タリ形,いる,いたり,連語
いちゃ,1621,1621,12458,接尾辞,動詞性接尾辞,母音動詞,タ系連用チャ形,いる,いちゃ,連語
いりゃ,1632,1632,12458,接尾辞,動詞性接尾辞,母音動詞,音便条件形,いる,いりゃ,連語
いよ,1628,1628,12458,接尾辞,動詞性接尾辞,母音動詞,文語命令形,いる,いよ,連語
すら,635,635,4763,助詞,副助詞,*,*,すら,すら,連語
さえ,632,632,6712,助詞,副助詞,*,*,さえ,さえ,連語
み,1631,1631,15713,接尾辞,動詞性接尾辞,母音動詞,語幹,みる,み,連語
みる,1624,1624,15713,接尾辞,動詞性接尾辞,母音動詞,基本形,みる,みる,連語
み,1629,1629,15713,接尾辞,動詞性接尾辞,母音動詞,未然形,みる,み,連語
みよう,1627,1627,15713,接尾辞,動詞性接尾辞,母音動詞,意志形,みる,みよう,連語
みよ,1630,1630,15713,接尾辞,動詞性接尾辞,母音動詞,省略意志形,みる,みよ,連語
みろ,1623,1623,15713,接尾辞,動詞性接尾辞,母音動詞,命令形,みる,みろ,連語
みれば,1625,1625,15713,接尾辞,動詞性接尾辞,母音動詞,基本条件形,みる,みれば,連語
み,1626,1626,15713,接尾辞,動詞性接尾辞,母音動詞,基本連用形,みる,み,連語
み,1616,1616,15713,接尾辞,動詞性接尾辞,母音動詞,タ接連用形,みる,み,連語
みた,1615,1615,15713,接尾辞,動詞性接尾辞,母音動詞,タ形,みる,みた,連語
みたろう,1617,1617,15713,接尾辞,動詞性接尾辞,母音動詞,タ系推量形,みる,みたろう,連語
みたろ,1619,1619,15713,接尾辞,動詞性接尾辞,母音動詞,タ系省略推量形,みる,みたろ,連語
みたら,1618,1618,15713,接尾辞,動詞性接尾辞,母音動詞,タ系条件形,みる,みたら,連語
みて,1622,1622,15713,接尾辞,動詞性接尾辞,母音動詞,タ系連用テ形,みる,みて,連語
みたり,1620,1620,15713,接尾辞,動詞性接尾辞,母音動詞,タ系連用タリ形,みる,みたり,連語
みちゃ,1621,1621,15713,接尾辞,動詞性接尾辞,母音動詞,タ系連用チャ形,みる,みちゃ,連語
みりゃ,1632,1632,15713,接尾辞,動詞性接尾辞,母音動詞,音便条件形,みる,みりゃ,連語
みよ,1628,1628,15713,接尾辞,動詞性接尾辞,母音動詞,文語命令形,みる,みよ,連語
くる,1443,1443,12891,接尾辞,動詞性接尾辞,カ変動詞,基本形,くる,くる,連語
こ,1447,1447,12891,接尾辞,動詞性接尾辞,カ変動詞,未然形,くる,こ,連語
こよう,1446,1446,12891,接尾辞,動詞性接尾辞,カ変動詞,意志形,くる,こよう,連語
こよ,1448,1448,12891,接尾辞,動詞性接尾辞,カ変動詞,省略意志形,くる,こよ,連語
こい,1442,1442,12891,接尾辞,動詞性接尾辞,カ変動詞,命令形,くる,こい,連語
くれば,1444,1444,12891,接尾辞,動詞性接尾辞,カ変動詞,基本条件形,くる,くれば,連語
き,1445,1445,12891,接尾辞,動詞性接尾辞,カ変動詞,基本連用形,くる,き,連語
き,1435,1435,12891,接尾辞,動詞性接尾辞,カ変動詞,タ接連用形,くる,き,連語
きた,1434,1434,12891,接尾辞,動詞性接尾辞,カ変動詞,タ形,くる,きた,連語
きたろう,1436,1436,12891,接尾辞,動詞性接尾辞,カ変動詞,タ系推量形,くる,きたろう,連語
きたろ,1438,1438,12891,接尾辞,動詞性接尾辞,カ変動詞,タ系省略推量形,くる,きたろ,連語
きたら,1437,1437,12891,接尾辞,動詞性接尾辞,カ変動詞,タ系条件形,くる,きたら,連語
きて,1441,1441,12891,接尾辞,動詞性接尾辞,カ変動詞,タ系連用テ形,くる,きて,連語
きたり,1439,1439,12891,接尾辞,動詞性接尾辞,カ変動詞,タ系連用タリ形,くる,きたり,連語
きちゃ,1440,1440,12891,接尾辞,動詞性接尾辞,カ変動詞,タ系連用チャ形,くる,きちゃ,連語
くりゃ,1449,1449,12891,接尾辞,動詞性接尾辞,カ変動詞,音便条件形,くる,くりゃ,連語
お,1512,1512,13517,接尾辞,動詞性接尾辞,子音動詞カ行,語幹,おく,お,連語
おく,1506,1506,13517,接尾辞,動詞性接尾辞,子音動詞カ行,基本形,おく,おく,連語
おか,1510,1510,13517,接尾辞,動詞性接尾辞,子音動詞カ行,未然形,おく,おか,連語
おこう,1509,1509,13517,接尾辞,動詞性接尾辞,子音動詞カ行,意志形,おく,おこう,連語
おこ,1511,1511,13517,接尾辞,動詞性接尾辞,子音動詞カ行,省略意志形,おく,おこ,連語
おけ,1505,1505,13517,接尾辞,動詞性接尾辞,子音動詞カ行,命令形,おく,おけ,連語
おけば,1507,1507,13517,接尾辞,動詞性接尾辞,子音動詞カ行,基本条件形,おく,おけば,連語
おき,1508,1508,13517,接尾辞,動詞性接尾辞,子音動詞カ行,基本連用形,おく,おき,連語
おい,1498,1498,13517,接尾辞,動詞性接尾辞,子音動詞カ行,タ接連用形,おく,おい,連語
おいた,1497,1497,13517,接尾辞,動詞性接尾辞,子音動詞カ行,タ形,おく,おいた,連語
おいたろう,1499,1499,13517,接尾辞,動詞性接尾辞,子音動詞カ行,タ系推量形,おく,おいたろう,連語
おいたろ,1501,1501,13517,接尾辞,動詞性接尾辞,子音動詞カ行,タ系省略推量形,おく,おいたろ,連語
おいたら,1500,1500,13517,接尾辞,動詞性接尾辞,子音動詞カ行,タ系条件形,おく,おいたら,連語
おいて,1504,1504,13517,接尾辞,動詞性接尾辞,子音動詞カ行,タ系連用テ形,おく,おいて,連語
おいたり,1502,1502,13517,接尾辞,動詞性接尾辞,子音動詞カ行,タ系連用タリ形,おく,おいたり,連語
おいちゃ,1503,1503,13517,接尾辞,動詞性接尾辞,子音動詞カ行,タ系連用チャ形,おく,おいちゃ,連語
おきゃ,1513,1513,13517,接尾辞,動詞性接尾辞,子音動詞カ行,音便条件形,おく,おきゃ,連語
あ,1580,1580,13854,接尾辞,動詞性接尾辞,子音動詞ラ行,語幹,ある,あ,連語
ある,1574,1574,13854,接尾辞,動詞性接尾辞,子音動詞ラ行,基本形,ある,ある,連語
あら,1578,1578,13854,接尾辞,動詞性接尾辞,子音動詞ラ行,未然形,ある,あら,連語
あろう,1577,1577,13854,接尾辞,動詞性接尾辞,子音動詞ラ行,意志形,ある,あろう,連語
あろ,1579,1579,13854,接尾辞,動詞性接尾辞,子音動詞ラ行,省略意志形,ある,あろ,連語
あれ,1573,1573,13854,接尾辞,動詞性接尾辞,子音動詞ラ行,命令形,ある,あれ,連語
あれば,1575,1575,13854,接尾辞,動詞性接尾辞,子音動詞ラ行,基本条件形,ある,あれば,連語
あり,1576,1576,13854,接尾辞,動詞性接尾辞,子音動詞ラ行,基本連用形,ある,あり,連語
あっ,1566,1566,13854,接尾辞,動詞性接尾辞,子音動詞ラ行,タ接連用形,ある,あっ,連語
あった,1565,1565,13854,接尾辞,動詞性接尾辞,子音動詞ラ行,タ形,ある,あった,連語
あったろう,1567,1567,13854,接尾辞,動詞性接尾辞,子音動詞ラ行,タ系推量形,ある,あったろう,連語
あったろ,1569,1569,13854,接尾辞,動詞性接尾辞,子音動詞ラ行,タ系省略推量形,ある,あったろ,連語
あったら,1568,1568,13854,接尾辞,動詞性接尾辞,子音動詞ラ行,タ系条件形,ある,あったら,連語
あって,1572,1572,13854,接尾辞,動詞性接尾辞,子音動詞ラ行,タ系連用テ形,ある,あって,連語
あったり,1570,1570,13854,接尾辞,動詞性接尾辞,子音動詞ラ行,タ系連用タリ形,ある,あったり,連語
あっちゃ,1571,1571,13854,接尾辞,動詞性接尾辞,子音動詞ラ行,タ系連用チャ形,ある,あっちゃ,連語
ありゃ,1581,1581,13854,接尾辞,動詞性接尾辞,子音動詞ラ行,音便条件形,ある,ありゃ,連語
お,1580,1580,14179,接尾辞,動詞性接尾辞,子音動詞ラ行,語幹,おる,お,連語
おる,1574,1574,14179,接尾辞,動詞性接尾辞,子音動詞ラ行,基本形,おる,おる,連語
おら,1578,1578,14179,接尾辞,動詞性接尾辞,子音動詞ラ行,未然形,おる,おら,連語
おろう,1577,1577,14179,接尾辞,動詞性接尾辞,子音動詞ラ行,意志形,おる,おろう,連語
おろ,1579,1579,14179,接尾辞,動詞性接尾辞,子音動詞ラ行,省略意志形,おる,おろ,連語
おれ,1573,1573,14179,接尾辞,動詞性接尾辞,子音動詞ラ行,命令形,おる,おれ,連語
おれば,1575,1575,14179,接尾辞,動詞性接尾辞,子音動詞ラ行,基本条件形,おる,おれば,連語
おり,1576,1576,14179,接尾辞,動詞性接尾辞,子音動詞ラ行,基本連用形,おる,おり,連語
おっ,1566,1566,14179,接尾辞,動詞性接尾辞,子音動詞ラ行,タ接連用形,おる,おっ,連語
おった,1565,1565,14179,接尾辞,動詞性接尾辞,子音動詞ラ行,タ形,おる,おった,連語
おったろう,1567,1567,14179,接尾辞,動詞性接尾辞,子音動詞ラ行,タ系推量形,おる,おったろう,連語
おったろ,1569,1569,14179,接尾辞,動詞性接尾辞,子音動詞ラ行,タ系省略推量形,おる,おったろ,連語
おったら,1568,1568,14179,接尾辞,動詞性接尾辞,子音動詞ラ行,タ系条件形,おる,おったら,連語
おって,1572,1572,14179,接尾辞,動詞性接尾辞,子音動詞ラ行,タ系連用テ形,おる,おって,連語
おったり,1570,1570,14179,接尾辞,動詞性接尾辞,子音動詞ラ行,タ系連用タリ形,おる,おったり,連語
おっちゃ,1571,1571,14179,接尾辞,動詞性接尾辞,子音動詞ラ行,タ系連用チャ形,おる,おっちゃ,連語
おりゃ,1581,1581,14179,接尾辞,動詞性接尾辞,子音動詞ラ行,音便条件形,おる,おりゃ,連語
する,1475,1475,11618,接尾辞,動詞性接尾辞,サ変動詞,基本形,する,する,連語
さ,1482,1482,11618,接尾辞,動詞性接尾辞,サ変動詞,未然形,する,さ,連語
しよう,1478,1478,11618,接尾辞,動詞性接尾辞,サ変動詞,意志形,する,しよう,連語
しよ,1483,1483,11618,接尾辞,動詞性接尾辞,サ変動詞,省略意志形,する,しよ,連語
しろ,1474,1474,11618,接尾辞,動詞性接尾辞,サ変動詞,命令形,する,しろ,連語
すれば,1476,1476,11618,接尾辞,動詞性接尾辞,サ変動詞,基本条件形,する,すれば,連語
し,1477,1477,11618,接尾辞,動詞性接尾辞,サ変動詞,基本連用形,する,し,連語
し,1467,1467,11618,接尾辞,動詞性接尾辞,サ変動詞,タ接連用形,する,し,連語
した,1466,1466,11618,接尾辞,動詞性接尾辞,サ変動詞,タ形,する,した,連語
したろう,1468,1468,11618,接尾辞,動詞性接尾辞,サ変動詞,タ系推量形,する,したろう,連語
したろ,1470,1470,11618,接尾辞,動詞性接尾辞,サ変動詞,タ系省略推量形,する,したろ,連語
したら,1469,1469,11618,接尾辞,動詞性接尾辞,サ変動詞,タ系条件形,する,したら,連語
して,1473,1473,11618,接尾辞,動詞性接尾辞,サ変動詞,タ系連用テ形,する,して,連語
したり,1471,1471,11618,接尾辞,動詞性接尾辞,サ変動詞,タ系連用タリ形,する,したり,連語
しちゃ,1472,1472,11618,接尾辞,動詞性接尾辞,サ変動詞,タ系連用チャ形,する,しちゃ,連語
すりゃ,1484,1484,11618,接尾辞,動詞性接尾辞,サ変動詞,音便条件形,する,すりゃ,連語
す,1480,1480,11618,接尾辞,動詞性接尾辞,サ変動詞,文語基本形,する,す,連語
せ,1481,1481,11618,接尾辞,動詞性接尾辞,サ変動詞,文語未然形,する,せ,連語
せよ,1479,1479,11618,接尾辞,動詞性接尾辞,サ変動詞,文語命令形,する,せよ,連語
じゃ,634,634,8121,助詞,副助詞,*,*,じゃ,じゃ,連語
どころ,642,642,6530,助詞,副助詞,*,*,どころ,どころ,連語
だ,34,34,9833,判定詞,*,判定詞,基本形,だ,だ,連語
な,11,11,9833,判定詞,*,判定詞,ダ列基本連体形,だ,な,連語
の,12,12,9833,判定詞,*,判定詞,ダ列特殊連体形,だ,の,連語
だろう,8,8,9833,判定詞,*,判定詞,ダ列基本推量形,だ,だろう,連語
だろ,10,10,9833,判定詞,*,判定詞,ダ列基本省略推量形,だ,だろ,連語
ならば,9,9,9833,判定詞,*,判定詞,ダ列基本条件形,だ,ならば,連語
だった,1,1,9833,判定詞,*,判定詞,ダ列タ形,だ,だった,連語
だったろう,2,2,9833,判定詞,*,判定詞,ダ列タ系推量形,だ,だったろう,連語
だったろ,4,4,9833,判定詞,*,判定詞,ダ列タ系省略推量形,だ,だったろ,連語
だったら,3,3,9833,判定詞,*,判定詞,ダ列タ系条件形,だ,だったら,連語
で,7,7,9833,判定詞,*,判定詞,ダ列タ系連用テ形,だ,で,連語
だったり,6,6,9833,判定詞,*,判定詞,ダ列タ系連用タリ形,だ,だったり,連語
じゃ,5,5,9833,判定詞,*,判定詞,ダ列タ系連用ジャ形,だ,じゃ,連語
である,20,20,9833,判定詞,*,判定詞,デアル列基本形,だ,である,連語
であれ,19,19,9833,判定詞,*,判定詞,デアル列命令形,だ,であれ,連語
であろう,21,21,9833,判定詞,*,判定詞,デアル列基本推量形,だ,であろう,連語
であろ,23,23,9833,判定詞,*,判定詞,デアル列基本省略推量形,だ,であろ,連語
であれば,22,22,9833,判定詞,*,判定詞,デアル列基本条件形,だ,であれば,連語
であり,24,24,9833,判定詞,*,判定詞,デアル列基本連用形,だ,であり,連語
であった,13,13,9833,判定詞,*,判定詞,デアル列タ形,だ,であった,連語
であったろう,14,14,9833,判定詞,*,判定詞,デアル列タ系推量形,だ,であったろう,連語
であったろ,16,16,9833,判定詞,*,判定詞,デアル列タ系省略推量形,だ,であったろ,連語
であったら,15,15,9833,判定詞,*,判定詞,デアル列タ系条件形,だ,であったら,連語
であって,18,18,9833,判定詞,*,判定詞,デアル列タ系連用テ形,だ,であって,連語
であったり,17,17,9833,判定詞,*,判定詞,デアル列タ系連用タリ形,だ,であったり,連語
です,31,31,9833,判定詞,*,判定詞,デス列基本形,だ,です,連語
でしょう,32,32,9833,判定詞,*,判定詞,デス列基本推量形,だ,でしょう,連語
でしょ,33,33,9833,判定詞,*,判定詞,デス列基本省略推量形,だ,でしょ,連語
でした,25,25,9833,判定詞,*,判定詞,デス列タ形,だ,でした,連語
でしたろう,26,26,9833,判定詞,*,判定詞,デス列タ系推量形,だ,でしたろう,連語
でしたろ,28,28,9833,判定詞,*,判定詞,デス列タ系省略推量形,だ,でしたろ,連語
でしたら,27,27,9833,判定詞,*,判定詞,デス列タ系条件形,だ,でしたら,連語
でして,30,30,9833,判定詞,*,判定詞,デス列タ系連用テ形,だ,でして,連語
でしたり,29,29,9833,判定詞,*,判定詞,デス列タ系連用タリ形,だ,でしたり,連語
べ,591,591,7967,助動詞,*,助動詞く型,語幹,べし,べ,連語
べし,582,582,7967,助動詞,*,助動詞く型,基本形,べし,べし,連語
べく,585,585,7967,助動詞,*,助動詞く型,基本連用形,べし,べく,連語
べき,588,588,7967,助動詞,*,助動詞く型,文語連体形,べし,べき,連語
事実,35,35,1634,副詞,*,*,*,事実,じじつ,連語
上,1634,1634,8685,接尾辞,名詞性名詞接尾辞,*,*,上,じょう,連語
実際,35,35,3978,副詞,*,*,*,実際,じっさい,連語
今,1132,1132,6620,名詞,時相名詞,*,*,今,いま,連語
まで,653,653,10798,助詞,副助詞,*,*,まで,まで,連語
通り,1634,1634,6166,接尾辞,名詞性名詞接尾辞,*,*,通り,どおり,連語
いつも,35,35,7117,副詞,*,*,*,いつも,いつも,連語
初めて,35,35,2259,副詞,*,*,*,初めて,はじめて,連語
尽くし,1634,1634,8042,接尾辞,名詞性名詞接尾辞,*,*,尽くし,づくし,連語
づくし,1634,1634,9724,接尾辞,名詞性名詞接尾辞,*,*,づくし,づくし,連語
日,1129,1129,7924,名詞,地名,*,*,日,にち,連語 地名:国:略称:日本 代表表記:日/にち
仏,1129,1129,3561,名詞,地名,*,*,仏,ふつ,連語 地名:国:略称:フランス 代表表記:仏/ふつ
米,1129,1129,5568,名詞,地名,*,*,米,べい,連語 地名:国:略称:米国 代表表記:米/べい
伊,1129,1129,8724,名詞,地名,*,*,伊,い,連語 地名:国:略称:イタリア 代表表記:伊/い
英,1129,1129,6057,名詞,地名,*,*,英,えい,連語 地名:国:略称:英国 代表表記:英/えい
独,1129,1129,4914,名詞,地名,*,*,独,どく,連語 地名:国:略称:ドイツ 代表表記:独/どく
露,1129,1129,5243,名詞,地名,*,*,露,ろ,連語 地名:国:略称:ロシア 代表表記:露/ろ
日,1129,1129,7924,名詞,地名,*,*,日,にっ,連語 地名:国:略称:日本 代表表記:日/にっ
韓,1129,1129,8419,名詞,地名,*,*,韓,かん,連語 地名:国:略称:韓国 代表表記:韓/かん
ソ,1129,1129,4851,名詞,地名,*,*,ソ,そ,連語 地名:国:旧称:ロシア 代表表記:ソ/そ
朝,1129,1129,6542,名詞,地名,*,*,朝,ちょう,連語 地名:国:略称:北朝鮮 代表表記:朝/ちょう
中,1129,1129,8370,名詞,地名,*,*,中,ちゅう,連語 地名:国:略称:中国 代表表記:中/ちゅう
台,1129,1129,8152,名詞,地名,*,*,台,たい,連語 地名:国:略称:台湾 代表表記:台/たい
欧,1129,1129,9603,名詞,地名,*,*,欧,おう,連語 地名:地域:略称:ヨーロッパ 代表表記:欧/おう
対,1133,1133,8774,名詞,普通名詞,*,*,対,たい,連語
反,1133,1133,4258,名詞,普通名詞,*,*,反,はん,連語
親,1133,1133,7820,名詞,普通名詞,*,*,親,しん,連語
知,1133,1133,7870,名詞,普通名詞,*,*,知,ち,連語
抗,1133,1133,5239,名詞,普通名詞,*,*,抗,こう,連語
排,1133,1133,7184,名詞,普通名詞,*,*,排,はい,連語
在,1133,1133,6868,名詞,普通名詞,*,*,在,ざい,連語
駐,1133,1133,5657,名詞,普通名詞,*,*,駐,ちゅう,連語
滞,1133,1133,5709,名詞,普通名詞,*,*,滞,たい,連語
離,1133,1133,9522,名詞,普通名詞,*,*,離,り,連語
来,1133,1133,6824,名詞,普通名詞,*,*,来,らい,連語
訪,1133,1133,3336,名詞,普通名詞,*,*,訪,ほう,連語
印,1129,1129,7615,名詞,地名,*,*,印,いん,連語 地名:国:略称:インド 代表表記:印/いん
渡,1133,1133,4395,名詞,普通名詞,*,*,渡,と,連語
政府,1133,1133,4778,名詞,普通名詞,*,*,政府,せいふ,連語
大統領,1133,1133,2942,名詞,普通名詞,*,*,大統領,だいとうりょう,連語
首相,1133,1133,3408,名詞,普通名詞,*,*,首相,しゅしょう,連語
相,1133,1133,6252,名詞,普通名詞,*,*,相,しょう,連語
軍,1133,1133,6487,名詞,普通名詞,*,*,軍,ぐん,連語
企業,1133,1133,5287,名詞,普通名詞,*,*,企業,きぎょう,連語
国民,1133,1133,4995,名詞,普通名詞,*,*,国民,こくみん,連語
側,1634,1634,8105,接尾辞,名詞性名詞接尾辞,*,*,側,がわ,代表表記:側/がわ
王室,1133,1133,4465,名詞,普通名詞,*,*,王室,おうしつ,連語
文学,1133,1133,7282,名詞,普通名詞,*,*,文学,ぶんがく,連語
連邦,1133,1133,3531,名詞,普通名詞,*,*,連邦,れんぽう,連語
領,1133,1133,7115,名詞,普通名詞,*,*,領,りょう,連語
全,1868,1868,7374,接頭辞,名詞接頭辞,*,*,全,ぜん,連語
国立,1133,1133,2746,名詞,普通名詞,*,*,国立,こくりつ,連語
系,1133,1133,5853,名詞,普通名詞,*,*,系,けい,連語
衆,1133,1133,6727,名詞,普通名詞,*,*,衆,しゅう,連語
参,1133,1133,7386,名詞,普通名詞,*,*,参,さん,連語
総務,1133,1133,5304,名詞,普通名詞,*,*,総務,そうむ,連語
郵政,1133,1133,5308,名詞,普通名詞,*,*,郵政,ゆうせい,連語
自治,1133,1133,4260,名詞,普通名詞,*,*,自治,じち,連語
法,1133,1133,6342,名詞,普通名詞,*,*,法,ほう,連語
財務,1133,1133,5296,名詞,普通名詞,*,*,財務,ざいむ,連語
蔵,1133,1133,6292,名詞,普通名詞,*,*,蔵,ぞう,連語
文科,1134,1134,5671,名詞,組織名,*,*,文科,もんか,連語
文,1133,1133,8340,名詞,普通名詞,*,*,文,ぶん,連語
厚労,1134,1134,5464,名詞,組織名,*,*,厚労,こうろう,連語
厚,1133,1133,2421,名詞,普通名詞,*,*,厚,こう,連語
労,1133,1133,3652,名詞,普通名詞,*,*,労,ろう,連語
農水,1134,1134,6995,名詞,組織名,*,*,農水,のうすい,連語
農,1133,1133,8615,名詞,普通名詞,*,*,農,のう,連語
経産,1134,1134,5464,名詞,組織名,*,*,経産,けいさん,連語
通産,1134,1134,4911,名詞,組織名,*,*,通産,つうさん,連語
国交,1133,1133,2218,名詞,普通名詞,*,*,国交,こっこう,連語
建設,1125,1125,2671,名詞,サ変名詞,*,*,建設,けんせつ,連語
運輸,1125,1125,2522,名詞,サ変名詞,*,*,運輸,うんゆ,連語
環境,1133,1133,4569,名詞,普通名詞,*,*,環境,かんきょう,連語
国務,1133,1133,832,名詞,普通名詞,*,*,国務,こくむ,連語
陸,1133,1133,5204,名詞,普通名詞,*,*,陸,りく,連語
内,1133,1133,9571,名詞,普通名詞,*,*,内,ない,連語
１,1131,1131,11570,名詞,数詞,*,*,１,いち,連語
一,1131,1131,11015,名詞,数詞,*,*,一,いち,連語
２,1131,1131,11288,名詞,数詞,*,*,２,にい,連語
二,1131,1131,10276,名詞,数詞,*,*,二,にい,連語
３,1131,1131,10975,名詞,数詞,*,*,３,さん,連語
三,1131,1131,10492,名詞,数詞,*,*,三,さん,連語
４,1131,1131,11422,名詞,数詞,*,*,４,よん,連語
四,1131,1131,10886,名詞,数詞,*,*,四,よん,連語
５,1131,1131,11345,名詞,数詞,*,*,５,ご,連語
五,1131,1131,10475,名詞,数詞,*,*,五,ご,連語
６,1131,1131,9338,名詞,数詞,*,*,６,ろく,連語
六,1131,1131,11307,名詞,数詞,*,*,六,ろく,連語
中,1133,1133,8253,名詞,普通名詞,*,*,中,ちゅう,連語
高,1133,1133,10250,名詞,普通名詞,*,*,高,こう,連語
