合,1300,1300,8790,名詞,接尾,助数詞,*,*,*,合,ゴウ,ゴー
廠,1298,1298,10117,名詞,接尾,一般,*,*,*,廠,ショウ,ショー
階,1300,1300,8748,名詞,接尾,助数詞,*,*,*,階,カイ,カイ
難,1298,1298,8783,名詞,接尾,一般,*,*,*,難,ナン,ナン
内,1298,1298,7709,名詞,接尾,一般,*,*,*,内,ナイ,ナイ
違い,1298,1298,6583,名詞,接尾,一般,*,*,*,違い,チガイ,チガイ
ｈａ,1300,1300,13714,名詞,接尾,助数詞,*,*,*,ｈａ,ヘクタール,ヘクタール
近い,1298,1298,10939,名詞,接尾,一般,*,*,*,近い,チカイ,チカイ
クラス,1300,1300,9397,名詞,接尾,助数詞,*,*,*,クラス,クラス,クラス
含み,1298,1298,10736,名詞,接尾,一般,*,*,*,含み,ブクミ,ブクミ
号棟,1300,1300,9871,名詞,接尾,助数詞,*,*,*,号棟,ゴウトウ,ゴートー
ミリ,1300,1300,8528,名詞,接尾,助数詞,*,*,*,ミリ,ミリ,ミリ
ヶ村,1300,1300,8698,名詞,接尾,助数詞,*,*,*,ヶ村,カソン,カソン
ケ国,1300,1300,8619,名詞,接尾,助数詞,*,*,*,ケ国,カコク,カコク
別,1298,1298,7173,名詞,接尾,一般,*,*,*,別,ベツ,ベツ
カ村,1300,1300,8698,名詞,接尾,助数詞,*,*,*,カ村,カソン,カソン
倍,1300,1300,8480,名詞,接尾,助数詞,*,*,*,倍,バイ,バイ
盗,1300,1300,10198,名詞,接尾,助数詞,*,*,*,盗,トウ,トー
鉢,1300,1300,9852,名詞,接尾,助数詞,*,*,*,鉢,ハチ,ハチ
次,1298,1298,9247,名詞,接尾,一般,*,*,*,次,ジ,ジ
住まい,1298,1298,9578,名詞,接尾,一般,*,*,*,住まい,ズマイ,ズマイ
通,1298,1298,7817,名詞,接尾,一般,*,*,*,通,ドオリ,ドーリ
通,1298,1298,8875,名詞,接尾,一般,*,*,*,通,ツウ,ツー
付け,1298,1298,8357,名詞,接尾,一般,*,*,*,付け,ヅケ,ズケ
付け,1298,1298,8945,名詞,接尾,一般,*,*,*,付け,ツケ,ツケ
基,1300,1300,11535,名詞,接尾,助数詞,*,*,*,基,キ,キ
人,1300,1300,8672,名詞,接尾,助数詞,*,*,*,人,ニン,ニン
制,1298,1298,9149,名詞,接尾,一般,*,*,*,制,セイ,セイ
祓い,1298,1298,8205,名詞,接尾,一般,*,*,*,祓い,バライ,バライ
前,1305,1305,10817,名詞,接尾,副詞可能,*,*,*,前,マエ,マエ
係,1298,1298,8383,名詞,接尾,一般,*,*,*,係,ガカリ,ガカリ
止まり,1298,1298,10019,名詞,接尾,一般,*,*,*,止まり,ドマリ,ドマリ
術,1298,1298,9760,名詞,接尾,一般,*,*,*,術,ジュツ,ジュツ
膳,1300,1300,10950,名詞,接尾,助数詞,*,*,*,膳,ゼン,ゼン
グループ,1300,1300,12914,名詞,接尾,助数詞,*,*,*,グループ,グループ,グループ
訳,1298,1298,7744,名詞,接尾,一般,*,*,*,訳,ヤク,ヤク
箱,1298,1298,8348,名詞,接尾,一般,*,*,*,箱,バコ,バコ
墓,1298,1298,10113,名詞,接尾,一般,*,*,*,墓,ボ,ボ
くん,1302,1302,8037,名詞,接尾,人名,*,*,*,くん,クン,クン
侯,1298,1298,8670,名詞,接尾,一般,*,*,*,侯,コウ,コー
暮らし,1298,1298,10131,名詞,接尾,一般,*,*,*,暮らし,グラシ,グラシ
差し,1298,1298,8744,名詞,接尾,一般,*,*,*,差し,サシ,サシ
病,1298,1298,7783,名詞,接尾,一般,*,*,*,病,ビョウ,ビョー
簿,1298,1298,9082,名詞,接尾,一般,*,*,*,簿,ボ,ボ
角,1300,1300,12451,名詞,接尾,助数詞,*,*,*,角,カク,カク
都,1303,1303,9428,名詞,接尾,地域,*,*,*,都,ト,ト
割,1300,1300,7581,名詞,接尾,助数詞,*,*,*,割,ワリ,ワリ
歳,1300,1300,8996,名詞,接尾,助数詞,*,*,*,歳,サイ,サイ
海里,1300,1300,9872,名詞,接尾,助数詞,*,*,*,海里,カイリ,カイリ
代,1298,1298,9503,名詞,接尾,一般,*,*,*,代,ダイ,ダイ
ゆかり,1298,1298,11627,名詞,接尾,一般,*,*,*,ゆかり,ユカリ,ユカリ
号室,1300,1300,14937,名詞,接尾,助数詞,*,*,*,号室,ゴウシツ,ゴーシツ
通い,1298,1298,8022,名詞,接尾,一般,*,*,*,通い,ガヨイ,ガヨイ
枠,1298,1298,6519,名詞,接尾,一般,*,*,*,枠,ワク,ワク
人,1298,1298,8979,名詞,接尾,一般,*,*,*,人,ジン,ジン
人,1298,1298,10851,名詞,接尾,一般,*,*,*,人,ニン,ニン
人,1298,1298,14995,名詞,接尾,一般,*,*,*,人,ヒト,ヒト
隅,1298,1298,8077,名詞,接尾,一般,*,*,*,隅,スミ,スミ
草,1298,1298,10565,名詞,接尾,一般,*,*,*,草,ソウ,ソー
債,1298,1298,9823,名詞,接尾,一般,*,*,*,債,サイ,サイ
回線,1300,1300,7066,名詞,接尾,助数詞,*,*,*,回線,カイセン,カイセン
選,1300,1300,16366,名詞,接尾,助数詞,*,*,*,選,セン,セン
者,1298,1298,7258,名詞,接尾,一般,*,*,*,者,シャ,シャ
者,1298,1298,11575,名詞,接尾,一般,*,*,*,者,モノ,モノ
場,1298,1298,9004,名詞,接尾,一般,*,*,*,場,ジョウ,ジョー
場,1298,1298,11115,名詞,接尾,一般,*,*,*,場,バ,バ
ダイン,1300,1300,8708,名詞,接尾,助数詞,*,*,*,ダイン,ダイン,ダイン
室,1298,1298,6965,名詞,接尾,一般,*,*,*,室,シツ,シツ
部,1300,1300,11098,名詞,接尾,助数詞,*,*,*,部,ブ,ブ
粒,1300,1300,9990,名詞,接尾,助数詞,*,*,*,粒,ツブ,ツブ
スイスフラン,1300,1300,8677,名詞,接尾,助数詞,*,*,*,スイスフラン,スイスフラン,スイスフラン
乗り,1298,1298,8707,名詞,接尾,一般,*,*,*,乗り,ノリ,ノリ
回り,1298,1298,10893,名詞,接尾,一般,*,*,*,回り,マワリ,マワリ
メートル,1300,1300,7928,名詞,接尾,助数詞,*,*,*,メートル,メートル,メートル
邸,1298,1298,8502,名詞,接尾,一般,*,*,*,邸,テイ,テイ
点,1298,1298,9106,名詞,接尾,一般,*,*,*,点,テン,テン
っ放し,1298,1298,9260,名詞,接尾,一般,*,*,*,っ放し,ッパナシ,ッパナシ
ＯＦＦ,1298,1298,11509,名詞,接尾,一般,*,*,*,ＯＦＦ,オフ,オフ
割り,1298,1298,8311,名詞,接尾,一般,*,*,*,割り,ワリ,ワリ
町,1303,1303,8304,名詞,接尾,地域,*,*,*,町,マチ,マチ
町,1303,1303,8550,名詞,接尾,地域,*,*,*,町,チョウ,チョー
ｍｈｚ,1300,1300,13707,名詞,接尾,助数詞,*,*,*,ｍｈｚ,メガヘルツ,メガヘルツ
店,1298,1298,8912,名詞,接尾,一般,*,*,*,店,テン,テン
下,1298,1298,8675,名詞,接尾,一般,*,*,*,下,カ,カ
下,1298,1298,10524,名詞,接尾,一般,*,*,*,下,シタ,シタ
下,1298,1298,13816,名詞,接尾,一般,*,*,*,下,ゲ,ゲ
版,1300,1300,10512,名詞,接尾,助数詞,*,*,*,版,ハン,ハン
便,1298,1298,7838,名詞,接尾,一般,*,*,*,便,ビン,ビン
曲,1300,1300,9721,名詞,接尾,助数詞,*,*,*,曲,キョク,キョク
ガエル,1298,1298,8768,名詞,接尾,一般,*,*,*,ガエル,ガエル,ガエル
源,1298,1298,8668,名詞,接尾,一般,*,*,*,源,ゲン,ゲン
変わり,1298,1298,11286,名詞,接尾,一般,*,*,*,変わり,ガワリ,ガワリ
美,1298,1298,10545,名詞,接尾,一般,*,*,*,美,ビ,ビ
カ月,1300,1300,11549,名詞,接尾,助数詞,*,*,*,カ月,カゲツ,カゲツ
毎,1298,1298,9307,名詞,接尾,一般,*,*,*,毎,ゴト,ゴト
対,1300,1300,13774,名詞,接尾,助数詞,*,*,*,対,ツイ,ツイ
ｖ,1300,1300,13719,名詞,接尾,助数詞,*,*,*,ｖ,ボルト,ボルト
展,1298,1298,8592,名詞,接尾,一般,*,*,*,展,テン,テン
射,1300,1300,10090,名詞,接尾,助数詞,*,*,*,射,シャ,シャ
沢山,1298,1298,8265,名詞,接尾,一般,*,*,*,沢山,ダクサン,ダクサン
曲,1298,1298,8310,名詞,接尾,一般,*,*,*,曲,キョク,キョク
リンギ,1300,1300,8698,名詞,接尾,助数詞,*,*,*,リンギ,リンギ,リンギ
勝,1300,1300,9967,名詞,接尾,助数詞,*,*,*,勝,ショウ,ショー
戦,1300,1300,11345,名詞,接尾,助数詞,*,*,*,戦,セン,セン
判,1298,1298,8891,名詞,接尾,一般,*,*,*,判,バン,バン
ナノ,1300,1300,8726,名詞,接尾,助数詞,*,*,*,ナノ,ナノ,ナノ
頭,1300,1300,9014,名詞,接尾,助数詞,*,*,*,頭,トウ,トー
セン,1298,1298,10271,名詞,接尾,一般,*,*,*,セン,セン,セン
ヶ所,1300,1300,8879,名詞,接尾,助数詞,*,*,*,ヶ所,カショ,カショ
門,1298,1298,8493,名詞,接尾,一般,*,*,*,門,モン,モン
研,1298,1298,9676,名詞,接尾,一般,*,*,*,研,ケン,ケン
がい,1298,1298,11000,名詞,接尾,一般,*,*,*,がい,ガイ,ガイ
ｋｂ,1300,1300,13714,名詞,接尾,助数詞,*,*,*,ｋｂ,キロバイト,キロバイト
味,1298,1298,9019,名詞,接尾,一般,*,*,*,味,ミ,ミ
味,1298,1298,9456,名詞,接尾,一般,*,*,*,味,アジ,アジ
腫,1298,1298,8995,名詞,接尾,一般,*,*,*,腫,シュ,シュ
買,1298,1298,9172,名詞,接尾,一般,*,*,*,買,ガイ,ガイ
買,1298,1298,9525,名詞,接尾,一般,*,*,*,買,カイ,カイ
Ｆ,1300,1300,17397,名詞,接尾,助数詞,*,*,*,Ｆ,エフ,エフ
取り,1298,1298,9379,名詞,接尾,一般,*,*,*,取り,トリ,トリ
取り,1298,1298,10985,名詞,接尾,一般,*,*,*,取り,ドリ,ドリ
客,1300,1300,11305,名詞,接尾,助数詞,*,*,*,客,キャク,キャク
盤,1298,1298,9682,名詞,接尾,一般,*,*,*,盤,バン,バン
さま,1302,1302,7517,名詞,接尾,人名,*,*,*,さま,サマ,サマ
団,1300,1300,10599,名詞,接尾,助数詞,*,*,*,団,ダン,ダン
臭,1298,1298,7840,名詞,接尾,一般,*,*,*,臭,シュウ,シュー
臭,1298,1298,9882,名詞,接尾,一般,*,*,*,臭,ニオイ,ニオイ
的,1299,1299,4708,名詞,接尾,形容動詞語幹,*,*,*,的,テキ,テキ
派,1300,1300,13271,名詞,接尾,助数詞,*,*,*,派,ハ,ハ
艇,1300,1300,10918,名詞,接尾,助数詞,*,*,*,艇,テイ,テイ
州,1303,1303,10593,名詞,接尾,地域,*,*,*,州,シュウ,シュー
号,1300,1300,19888,名詞,接尾,助数詞,*,*,*,号,ゴウ,ゴー
砲,1298,1298,7543,名詞,接尾,一般,*,*,*,砲,ホウ,ホー
糸,1298,1298,8707,名詞,接尾,一般,*,*,*,糸,イト,イト
がら,1298,1298,11869,名詞,接尾,一般,*,*,*,がら,ガラ,ガラ
当り,1298,1298,8144,名詞,接尾,一般,*,*,*,当り,アタリ,アタリ
キロバイト,1300,1300,8698,名詞,接尾,助数詞,*,*,*,キロバイト,キロバイト,キロバイト
床,1300,1300,11890,名詞,接尾,助数詞,*,*,*,床,ショウ,ショー
っぷり,1304,1304,10000,名詞,接尾,特殊,*,*,*,っぷり,ップリ,ップリ
服,1298,1298,10242,名詞,接尾,一般,*,*,*,服,フク,フク
類,1298,1298,8518,名詞,接尾,一般,*,*,*,類,ルイ,ルイ
面,1300,1300,12184,名詞,接尾,助数詞,*,*,*,面,メン,メン
死,1297,1297,8371,名詞,接尾,サ変接続,*,*,*,死,シ,シ
立方センチメートル,1300,1300,9872,名詞,接尾,助数詞,*,*,*,立方センチメートル,リッポウセンチメートル,リッポーセンチメートル
署,1298,1298,6511,名詞,接尾,一般,*,*,*,署,ショ,ショ
本立て,1300,1300,12091,名詞,接尾,助数詞,*,*,*,本立て,ホンダテ,ホンダテ
音,1298,1298,9630,名詞,接尾,一般,*,*,*,音,オン,オン
幕,1300,1300,12616,名詞,接尾,助数詞,*,*,*,幕,マク,マク
ヵ年,1300,1300,8698,名詞,接尾,助数詞,*,*,*,ヵ年,カネン,カネン
乞い,1298,1298,8268,名詞,接尾,一般,*,*,*,乞い,ゴイ,ゴイ
メーカー,1300,1300,9745,名詞,接尾,助数詞,*,*,*,メーカー,メーカー,メーカー
薬,1298,1298,9010,名詞,接尾,一般,*,*,*,薬,ヤク,ヤク
薬,1298,1298,9926,名詞,接尾,一般,*,*,*,薬,グスリ,グスリ
周忌,1300,1300,9039,名詞,接尾,助数詞,*,*,*,周忌,シュウキ,シューキ
皿,1300,1300,9671,名詞,接尾,助数詞,*,*,*,皿,サラ,サラ
山,1300,1300,13794,名詞,接尾,助数詞,*,*,*,山,ヤマ,ヤマ
ヘクトパスカル,1300,1300,8696,名詞,接尾,助数詞,*,*,*,ヘクトパスカル,ヘクトパスカル,ヘクトパスカル
拍,1300,1300,10611,名詞,接尾,助数詞,*,*,*,拍,ハク,ハク
セント,1300,1300,8901,名詞,接尾,助数詞,*,*,*,セント,セント,セント
号館,1300,1300,10004,名詞,接尾,助数詞,*,*,*,号館,ゴウカン,ゴーカン
学,1298,1298,8470,名詞,接尾,一般,*,*,*,学,ガク,ガク
説,1298,1298,10010,名詞,接尾,一般,*,*,*,説,セツ,セツ
ギガバイト,1300,1300,8698,名詞,接尾,助数詞,*,*,*,ギガバイト,ギガバイト,ギガバイト
首,1300,1300,10257,名詞,接尾,助数詞,*,*,*,首,シュ,シュ
庁,1298,1298,11620,名詞,接尾,一般,*,*,*,庁,チョウ,チョー
Ｍ,1300,1300,15006,名詞,接尾,助数詞,*,*,*,Ｍ,メガ,メガ
記,1298,1298,11791,名詞,接尾,一般,*,*,*,記,キ,キ
報,1300,1300,12456,名詞,接尾,助数詞,*,*,*,報,ホウ,ホー
坪,1300,1300,10139,名詞,接尾,助数詞,*,*,*,坪,ツボ,ツボ
ヘルツ,1300,1300,8735,名詞,接尾,助数詞,*,*,*,ヘルツ,ヘルツ,ヘルツ
光,1298,1298,9278,名詞,接尾,一般,*,*,*,光,コウ,コー
協,1298,1298,8160,名詞,接尾,一般,*,*,*,協,キョウ,キョー
ソル,1300,1300,8966,名詞,接尾,助数詞,*,*,*,ソル,ソル,ソル
銭,1300,1300,10897,名詞,接尾,助数詞,*,*,*,銭,セン,セン
沼,1298,1298,9912,名詞,接尾,一般,*,*,*,沼,ヌマ,ヌマ
馬,1298,1298,10082,名詞,接尾,一般,*,*,*,馬,バ,バ
冠,1300,1300,10581,名詞,接尾,助数詞,*,*,*,冠,カン,カン
糎,1300,1300,9872,名詞,接尾,助数詞,*,*,*,糎,センチメートル,センチメートル
打ち,1298,1298,10935,名詞,接尾,一般,*,*,*,打ち,ウチ,ウチ
主,1298,1298,10558,名詞,接尾,一般,*,*,*,主,ヌシ,ヌシ
主,1298,1298,11017,名詞,接尾,一般,*,*,*,主,シュ,シュ
校,1300,1300,10805,名詞,接尾,助数詞,*,*,*,校,コウ,コー
雨,1298,1298,7456,名詞,接尾,一般,*,*,*,雨,ウ,ウ
同然,1299,1299,6795,名詞,接尾,形容動詞語幹,*,*,*,同然,ドウゼン,ドーゼン
だこ,1298,1298,10356,名詞,接尾,一般,*,*,*,だこ,ダコ,ダコ
歩,1300,1300,10974,名詞,接尾,助数詞,*,*,*,歩,ホ,ホ
通り,1298,1298,6784,名詞,接尾,一般,*,*,*,通り,ドオリ,ドーリ
桁,1300,1300,9873,名詞,接尾,助数詞,*,*,*,桁,ケタ,ケタ
匁,1300,1300,9872,名詞,接尾,助数詞,*,*,*,匁,モンメ,モンメ
くず,1298,1298,9314,名詞,接尾,一般,*,*,*,くず,クズ,クズ
羽,1300,1300,10133,名詞,接尾,助数詞,*,*,*,羽,ワ,ワ
羽,1300,1300,13501,名詞,接尾,助数詞,*,*,*,羽,バ,バ
カナダドル,1300,1300,8677,名詞,接尾,助数詞,*,*,*,カナダドル,カナダドル,カナダドル
落ち,1298,1298,6199,名詞,接尾,一般,*,*,*,落ち,オチ,オチ
岸,1298,1298,10571,名詞,接尾,一般,*,*,*,岸,ガン,ガン
ミリアンペア,1300,1300,8698,名詞,接尾,助数詞,*,*,*,ミリアンペア,ミリアンペア,ミリアンペア
造り,1298,1298,7946,名詞,接尾,一般,*,*,*,造り,ヅクリ,ズクリ
弱,1298,1298,7521,名詞,接尾,一般,*,*,*,弱,ジャク,ジャク
あて,1298,1298,8775,名詞,接尾,一般,*,*,*,あて,アテ,アテ
速,1298,1298,8845,名詞,接尾,一般,*,*,*,速,ソク,ソク
線,1298,1298,7761,名詞,接尾,一般,*,*,*,線,セン,セン
モル,1300,1300,8698,名詞,接尾,助数詞,*,*,*,モル,モル,モル
工,1298,1298,10037,名詞,接尾,一般,*,*,*,工,コウ,コー
句,1300,1300,12725,名詞,接尾,助数詞,*,*,*,句,ク,ク
帖,1300,1300,10837,名詞,接尾,助数詞,*,*,*,帖,ジョウ,ジョー
ペニヒ,1300,1300,8698,名詞,接尾,助数詞,*,*,*,ペニヒ,ペニヒ,ペニヒ
ざかり,1298,1298,9224,名詞,接尾,一般,*,*,*,ざかり,ザカリ,ザカリ
財,1298,1298,10070,名詞,接尾,一般,*,*,*,財,ザイ,ザイ
達,1298,1298,7485,名詞,接尾,一般,*,*,*,達,タチ,タチ
返し,1298,1298,9193,名詞,接尾,一般,*,*,*,返し,ガエシ,ガエシ
反,1300,1300,13400,名詞,接尾,助数詞,*,*,*,反,タン,タン
じゅう,1298,1298,9378,名詞,接尾,一般,*,*,*,じゅう,ジュウ,ジュー
込み,1298,1298,9165,名詞,接尾,一般,*,*,*,込み,コミ,コミ
岳,1298,1298,8161,名詞,接尾,一般,*,*,*,岳,ダケ,ダケ
センチ,1300,1300,6860,名詞,接尾,助数詞,*,*,*,センチ,センチ,センチ
週,1298,1298,10804,名詞,接尾,一般,*,*,*,週,シュウ,シュー
器,1298,1298,8956,名詞,接尾,一般,*,*,*,器,キ,キ
ｄｂ,1300,1300,13714,名詞,接尾,助数詞,*,*,*,ｄｂ,デシベル,デシベル
声,1298,1298,8610,名詞,接尾,一般,*,*,*,声,ゴエ,ゴエ
声,1298,1298,10730,名詞,接尾,一般,*,*,*,声,コエ,コエ
痛,1298,1298,7549,名詞,接尾,一般,*,*,*,痛,ツウ,ツー
ぶり,1304,1304,11899,名詞,接尾,特殊,*,*,*,ぶり,ブリ,ブリ
揚げ,1298,1298,9666,名詞,接尾,一般,*,*,*,揚げ,アゲ,アゲ
次,1300,1300,9917,名詞,接尾,助数詞,*,*,*,次,ジ,ジ
なみ,1298,1298,9386,名詞,接尾,一般,*,*,*,なみ,ナミ,ナミ
用,1298,1298,9050,名詞,接尾,一般,*,*,*,用,ヨウ,ヨー
篇,1300,1300,10404,名詞,接尾,助数詞,*,*,*,篇,ヘン,ヘン
アンペア,1300,1300,8970,名詞,接尾,助数詞,*,*,*,アンペア,アンペア,アンペア
デシリットル,1300,1300,8698,名詞,接尾,助数詞,*,*,*,デシリットル,デシリットル,デシリットル
びたり,1298,1298,9254,名詞,接尾,一般,*,*,*,びたり,ビタリ,ビタリ
ミクロン,1300,1300,8698,名詞,接尾,助数詞,*,*,*,ミクロン,ミクロン,ミクロン
編,1300,1300,10789,名詞,接尾,助数詞,*,*,*,編,ヘン,ヘン
図,1298,1298,8579,名詞,接尾,一般,*,*,*,図,ズ,ズ
がけ,1298,1298,10421,名詞,接尾,一般,*,*,*,がけ,ガケ,ガケ
区間,1298,1298,11071,名詞,接尾,一般,*,*,*,区間,クカン,クカン
とおり,1300,1300,12306,名詞,接尾,助数詞,*,*,*,とおり,トオリ,トーリ
ｈｚ,1300,1300,13722,名詞,接尾,助数詞,*,*,*,ｈｚ,ヘルツ,ヘルツ
高,1298,1298,6318,名詞,接尾,一般,*,*,*,高,ダカ,ダカ
高,1298,1298,7249,名詞,接尾,一般,*,*,*,高,コウ,コー
夜,1300,1300,11643,名詞,接尾,助数詞,*,*,*,夜,ヤ,ヤ
夜,1300,1300,13782,名詞,接尾,助数詞,*,*,*,夜,ヨ,ヨ
ぎみ,1298,1298,9077,名詞,接尾,一般,*,*,*,ぎみ,ギミ,ギミ
減,1298,1298,8544,名詞,接尾,一般,*,*,*,減,ゲン,ゲン
米,1298,1298,7019,名詞,接尾,一般,*,*,*,米,マイ,マイ
米,1298,1298,11438,名詞,接尾,一般,*,*,*,米,ゴメ,ゴメ
Ｇ,1300,1300,15337,名詞,接尾,助数詞,*,*,*,Ｇ,ギガ,ギガ
課,1298,1298,7675,名詞,接尾,一般,*,*,*,課,カ,カ
券,1298,1298,9200,名詞,接尾,一般,*,*,*,券,ケン,ケン
賃,1298,1298,10097,名詞,接尾,一般,*,*,*,賃,チン,チン
組,1300,1300,9483,名詞,接尾,助数詞,*,*,*,組,クミ,クミ
差,1298,1298,8247,名詞,接尾,一般,*,*,*,差,サ,サ
キロワット時,1300,1300,8622,名詞,接尾,助数詞,*,*,*,キロワット時,キロワットジ,キロワットジ
がわら,1298,1298,9254,名詞,接尾,一般,*,*,*,がわら,ガワラ,ガワラ
額,1298,1298,8010,名詞,接尾,一般,*,*,*,額,ガク,ガク
損,1298,1298,9530,名詞,接尾,一般,*,*,*,損,ソン,ソン
教,1298,1298,9749,名詞,接尾,一般,*,*,*,教,キョウ,キョー
楽,1298,1298,10324,名詞,接尾,一般,*,*,*,楽,ラク,ラク
肥え,1298,1298,8574,名詞,接尾,一般,*,*,*,肥え,ゴエ,ゴエ
採り,1298,1298,8513,名詞,接尾,一般,*,*,*,採り,トリ,トリ
増,1298,1298,6828,名詞,接尾,一般,*,*,*,増,ゾウ,ゾー
日,1300,1300,7930,名詞,接尾,助数詞,*,*,*,日,ニチ,ニチ
扱い,1298,1298,11609,名詞,接尾,一般,*,*,*,扱い,アツカイ,アツカイ
体,1300,1300,12041,名詞,接尾,助数詞,*,*,*,体,タイ,タイ
箇国,1300,1300,9794,名詞,接尾,助数詞,*,*,*,箇国,カコク,カコク
碑,1298,1298,8188,名詞,接尾,一般,*,*,*,碑,ヒ,ヒ
史,1298,1298,7626,名詞,接尾,一般,*,*,*,史,シ,シ
ヶ条,1300,1300,8698,名詞,接尾,助数詞,*,*,*,ヶ条,カジョウ,カジョー
ｋｔ,1300,1300,13700,名詞,接尾,助数詞,*,*,*,ｋｔ,キロトン,キロトン
シーン,1298,1298,10311,名詞,接尾,一般,*,*,*,シーン,シーン,シーン
回分,1300,1300,9233,名詞,接尾,助数詞,*,*,*,回分,カイブン,カイブン
タル,1300,1300,8758,名詞,接尾,助数詞,*,*,*,タル,タル,タル
端,1298,1298,9889,名詞,接尾,一般,*,*,*,端,タン,タン
端,1298,1298,9989,名詞,接尾,一般,*,*,*,端,バタ,バタ
島,1303,1303,10074,名詞,接尾,地域,*,*,*,島,トウ,トー
島,1303,1303,11686,名詞,接尾,地域,*,*,*,島,ジマ,ジマ
ｇ,1300,1300,13736,名詞,接尾,助数詞,*,*,*,ｇ,グラム,グラム
没,1298,1298,8288,名詞,接尾,一般,*,*,*,没,ボツ,ボツ
毛,1300,1300,10749,名詞,接尾,助数詞,*,*,*,毛,モウ,モー
未遂,1298,1298,12376,名詞,接尾,一般,*,*,*,未遂,ミスイ,ミスイ
道,1298,1298,9354,名詞,接尾,一般,*,*,*,道,ドウ,ドー
橋,1300,1300,9975,名詞,接尾,助数詞,*,*,*,橋,キョウ,キョー
塔,1298,1298,7794,名詞,接尾,一般,*,*,*,塔,トウ,トー
切れ,1298,1298,9691,名詞,接尾,一般,*,*,*,切れ,ギレ,ギレ
切れ,1298,1298,10949,名詞,接尾,一般,*,*,*,切れ,キレ,キレ
開き,1298,1298,8145,名詞,接尾,一般,*,*,*,開き,ビラキ,ビラキ
骨,1298,1298,9125,名詞,接尾,一般,*,*,*,骨,コツ,コツ
骨,1298,1298,8686,名詞,接尾,一般,*,*,*,骨,ボネ,ボネ
トライ,1300,1300,8705,名詞,接尾,助数詞,*,*,*,トライ,トライ,トライ
切れ,1300,1300,12056,名詞,接尾,助数詞,*,*,*,切れ,キレ,キレ
痕,1298,1298,8796,名詞,接尾,一般,*,*,*,痕,コン,コン
使い,1298,1298,8602,名詞,接尾,一般,*,*,*,使い,ヅカイ,ズカイ
待ち,1298,1298,9032,名詞,接尾,一般,*,*,*,待ち,マチ,マチ
行,1303,1303,12355,名詞,接尾,地域,*,*,*,行,イキ,イキ
行,1303,1303,12024,名詞,接尾,地域,*,*,*,行,ユキ,ユキ
中,1305,1305,7480,名詞,接尾,副詞可能,*,*,*,中,チュウ,チュー
中,1305,1305,9884,名詞,接尾,副詞可能,*,*,*,中,ジュウ,ジュー
中,1305,1305,13417,名詞,接尾,副詞可能,*,*,*,中,ナカ,ナカ
ルクス,1300,1300,8698,名詞,接尾,助数詞,*,*,*,ルクス,ルクス,ルクス
前後,1305,1305,8933,名詞,接尾,副詞可能,*,*,*,前後,ゼンコウ,ゼンコー
技,1298,1298,8658,名詞,接尾,一般,*,*,*,技,ワザ,ワザ
技,1298,1298,10748,名詞,接尾,一般,*,*,*,技,ギ,ギ
計,1298,1298,10775,名詞,接尾,一般,*,*,*,計,ケイ,ケイ
価,1298,1298,11238,名詞,接尾,一般,*,*,*,価,カ,カ
パスカル,1300,1300,8699,名詞,接尾,助数詞,*,*,*,パスカル,パスカル,パスカル
敗,1300,1300,9509,名詞,接尾,助数詞,*,*,*,敗,ハイ,ハイ
滴,1300,1300,10316,名詞,接尾,助数詞,*,*,*,滴,テキ,テキ
亭,1298,1298,10039,名詞,接尾,一般,*,*,*,亭,テイ,テイ
えん,1300,1300,12254,名詞,接尾,助数詞,*,*,*,えん,エン,エン
竿,1300,1300,9871,名詞,接尾,助数詞,*,*,*,竿,サオ,サオ
府,1303,1303,11202,名詞,接尾,地域,*,*,*,府,フ,フ
薄,1298,1298,8503,名詞,接尾,一般,*,*,*,薄,ウス,ウス
枕,1298,1298,8318,名詞,接尾,一般,*,*,*,枕,マクラ,マクラ
いっぱい,1305,1305,8348,名詞,接尾,副詞可能,*,*,*,いっぱい,イッパイ,イッパイ
続き,1298,1298,10827,名詞,接尾,一般,*,*,*,続き,ツヅキ,ツズキ
筋,1300,1300,11673,名詞,接尾,助数詞,*,*,*,筋,スジ,スジ
オンス,1300,1300,8699,名詞,接尾,助数詞,*,*,*,オンス,オンス,オンス
村,1303,1303,8707,名詞,接尾,地域,*,*,*,村,ムラ,ムラ
村,1303,1303,13580,名詞,接尾,地域,*,*,*,村,ソン,ソン
社,1298,1298,8683,名詞,接尾,一般,*,*,*,社,シャ,シャ
巡,1300,1300,10207,名詞,接尾,助数詞,*,*,*,巡,ジュン,ジュン
ＤＯ,1300,1300,14661,名詞,接尾,助数詞,*,*,*,ＤＯ,ディーオー,ディーオー
瓶,1300,1300,10200,名詞,接尾,助数詞,*,*,*,瓶,ビン,ビン
嫌い,1298,1298,8915,名詞,接尾,一般,*,*,*,嫌い,ギライ,ギライ
職,1298,1298,10561,名詞,接尾,一般,*,*,*,職,ショク,ショク
塗り,1298,1298,7657,名詞,接尾,一般,*,*,*,塗り,ヌリ,ヌリ
がかり,1298,1298,9175,名詞,接尾,一般,*,*,*,がかり,ガカリ,ガカリ
年度,1300,1300,7871,名詞,接尾,助数詞,*,*,*,年度,ネンド,ネンド
気,1299,1299,10486,名詞,接尾,形容動詞語幹,*,*,*,気,ゲ,ゲ
シンガポールドル,1300,1300,6571,名詞,接尾,助数詞,*,*,*,シンガポールドル,シンガポールドル,シンガポールドル
メガ,1300,1300,9297,名詞,接尾,助数詞,*,*,*,メガ,メガ,メガ
束,1300,1300,10193,名詞,接尾,助数詞,*,*,*,束,タバ,タバ
峠,1298,1298,8048,名詞,接尾,一般,*,*,*,峠,トウゲ,トーゲ
樹,1298,1298,8856,名詞,接尾,一般,*,*,*,樹,ジュ,ジュ
域,1298,1298,10108,名詞,接尾,一般,*,*,*,域,イキ,イキ
答,1300,1300,8720,名詞,接尾,助数詞,*,*,*,答,トウ,トー
米,1300,1300,12641,名詞,接尾,助数詞,*,*,*,米,メートル,メートル
報,1298,1298,10544,名詞,接尾,一般,*,*,*,報,ホウ,ホー
番,1298,1298,10877,名詞,接尾,一般,*,*,*,番,バン,バン
ウオン,1300,1300,8697,名詞,接尾,助数詞,*,*,*,ウオン,ウオン,ウオン
以遠,1298,1298,8235,名詞,接尾,一般,*,*,*,以遠,イエン,イエン
ｍＷ,1300,1300,13714,名詞,接尾,助数詞,*,*,*,ｍＷ,ミリワット,ミリワット
役,1300,1300,11193,名詞,接尾,助数詞,*,*,*,役,ヤク,ヤク
元,1300,1300,11887,名詞,接尾,助数詞,*,*,*,元,ゲン,ゲン
打,1300,1300,11713,名詞,接尾,助数詞,*,*,*,打,ダ,ダ
盛り,1298,1298,8255,名詞,接尾,一般,*,*,*,盛り,ザカリ,ザカリ
盛り,1298,1298,8643,名詞,接尾,一般,*,*,*,盛り,モリ,モリ
たたき,1298,1298,11246,名詞,接尾,一般,*,*,*,たたき,タタキ,タタキ
ＧＢ,1300,1300,13718,名詞,接尾,助数詞,*,*,*,ＧＢ,ギガバイト,ギガバイト
ぶろ,1298,1298,5760,名詞,接尾,一般,*,*,*,ぶろ,ブロ,ブロ
ぞい,1298,1298,9028,名詞,接尾,一般,*,*,*,ぞい,ゾイ,ゾイ
Ｍヘルツ,1300,1300,13707,名詞,接尾,助数詞,*,*,*,Ｍヘルツ,メガヘルツ,メガヘルツ
ルーブル,1300,1300,9064,名詞,接尾,助数詞,*,*,*,ルーブル,ルーブル,ルーブル
次元,1300,1300,8908,名詞,接尾,助数詞,*,*,*,次元,ジゲン,ジゲン
すぎ,1305,1305,7635,名詞,接尾,副詞可能,*,*,*,すぎ,スギ,スギ
省,1298,1298,11249,名詞,接尾,一般,*,*,*,省,ショウ,ショー
リッター,1300,1300,8707,名詞,接尾,助数詞,*,*,*,リッター,リッター,リッター
寸,1300,1300,10868,名詞,接尾,助数詞,*,*,*,寸,スン,スン
刷り,1298,1298,7455,名詞,接尾,一般,*,*,*,刷り,ズリ,ズリ
格,1298,1298,11207,名詞,接尾,一般,*,*,*,格,カク,カク
周年,1300,1300,9126,名詞,接尾,助数詞,*,*,*,周年,シュウネン,シューネン
朝,1298,1298,12452,名詞,接尾,一般,*,*,*,朝,チョウ,チョー
勺,1300,1300,9516,名詞,接尾,助数詞,*,*,*,勺,シャク,シャク
だらけ,1298,1298,8911,名詞,接尾,一般,*,*,*,だらけ,ダラケ,ダラケ
がち,1299,1299,8497,名詞,接尾,形容動詞語幹,*,*,*,がち,ガチ,ガチ
リラ,1300,1300,8702,名詞,接尾,助数詞,*,*,*,リラ,リラ,リラ
様,1302,1302,7156,名詞,接尾,人名,*,*,*,様,サマ,サマ
あまり,1298,1298,8005,名詞,接尾,一般,*,*,*,あまり,アマリ,アマリ
槽,1298,1298,9445,名詞,接尾,一般,*,*,*,槽,ソウ,ソー
チャン,1302,1302,6793,名詞,接尾,人名,*,*,*,チャン,チャン,チャン
平方キロメートル,1300,1300,9855,名詞,接尾,助数詞,*,*,*,平方キロメートル,ヘイホウキロメートル,ヘイホーキロメートル
筋,1298,1298,8910,名詞,接尾,一般,*,*,*,筋,スジ,スジ
筋,1298,1298,11122,名詞,接尾,一般,*,*,*,筋,キン,キン
子,1298,1298,11717,名詞,接尾,一般,*,*,*,子,コ,コ
漏れ,1298,1298,7210,名詞,接尾,一般,*,*,*,漏れ,モレ,モレ
買い,1298,1298,9881,名詞,接尾,一般,*,*,*,買い,カイ,カイ
買い,1298,1298,10821,名詞,接尾,一般,*,*,*,買い,ガイ,ガイ
構え,1298,1298,6841,名詞,接尾,一般,*,*,*,構え,ガマエ,ガマエ
ＣＣ,1300,1300,17911,名詞,接尾,助数詞,*,*,*,ＣＣ,シーシー,シーシー
軒,1300,1300,9080,名詞,接尾,助数詞,*,*,*,軒,ケン,ケン
権,1298,1298,8697,名詞,接尾,一般,*,*,*,権,ケン,ケン
楼,1298,1298,8446,名詞,接尾,一般,*,*,*,楼,ロウ,ロー
派,1298,1298,9536,名詞,接尾,一般,*,*,*,派,ハ,ハ
級,1300,1300,11551,名詞,接尾,助数詞,*,*,*,級,キュウ,キュー
ｋバイト,1300,1300,13714,名詞,接尾,助数詞,*,*,*,ｋバイト,キロバイト,キロバイト
ケタ,1300,1300,8298,名詞,接尾,助数詞,*,*,*,ケタ,ケタ,ケタ
初,1298,1298,10361,名詞,接尾,一般,*,*,*,初,ハツ,ハツ
神,1298,1298,10286,名詞,接尾,一般,*,*,*,神,シン,シン
唄,1298,1298,6737,名詞,接尾,一般,*,*,*,唄,ウタ,ウタ
給,1298,1298,8790,名詞,接尾,一般,*,*,*,給,キュウ,キュー
課,1300,1300,9075,名詞,接尾,助数詞,*,*,*,課,カ,カ
芸,1298,1298,9840,名詞,接尾,一般,*,*,*,芸,ゲイ,ゲイ
能,1298,1298,12610,名詞,接尾,一般,*,*,*,能,ノウ,ノー
バッグ,1300,1300,8671,名詞,接尾,助数詞,*,*,*,バッグ,バッグ,バッグ
品,1300,1300,12499,名詞,接尾,助数詞,*,*,*,品,ヒン,ヒン
品,1300,1300,13514,名詞,接尾,助数詞,*,*,*,品,シナ,シナ
酔い,1298,1298,8898,名詞,接尾,一般,*,*,*,酔い,ヨイ,ヨイ
程度,1298,1298,7710,名詞,接尾,一般,*,*,*,程度,テイド,テイド
語,1300,1300,10982,名詞,接尾,助数詞,*,*,*,語,ゴ,ゴ
号機,1300,1300,9805,名詞,接尾,助数詞,*,*,*,号機,ゴウキ,ゴーキ
末,1305,1305,6233,名詞,接尾,副詞可能,*,*,*,末,マツ,マツ
末,1305,1305,8211,名詞,接尾,副詞可能,*,*,*,末,スエ,スエ
上,1305,1305,7047,名詞,接尾,副詞可能,*,*,*,上,ジョウ,ジョー
行き,1303,1303,7128,名詞,接尾,地域,*,*,*,行き,イキ,イキ
行き,1303,1303,9175,名詞,接尾,地域,*,*,*,行き,ユキ,ユキ
刑,1298,1298,10065,名詞,接尾,一般,*,*,*,刑,ケイ,ケイ
策,1298,1298,10030,名詞,接尾,一般,*,*,*,策,サク,サク
下げ,1298,1298,9145,名詞,接尾,一般,*,*,*,下げ,サゲ,サゲ
つき,1298,1298,8879,名詞,接尾,一般,*,*,*,つき,ツキ,ツキ
デー,1298,1298,8889,名詞,接尾,一般,*,*,*,デー,デー,デー
ｋｇ,1300,1300,13709,名詞,接尾,助数詞,*,*,*,ｋｇ,キログラム,キログラム
代目,1300,1300,9649,名詞,接尾,助数詞,*,*,*,代目,ダイメ,ダイメ
カラット,1300,1300,8549,名詞,接尾,助数詞,*,*,*,カラット,カラット,カラット
ｋヘルツ,1300,1300,13714,名詞,接尾,助数詞,*,*,*,ｋヘルツ,キロヘルツ,キロヘルツ
あたり,1298,1298,8266,名詞,接尾,一般,*,*,*,あたり,アタリ,アタリ
帽,1298,1298,8337,名詞,接尾,一般,*,*,*,帽,ボウ,ボー
汁,1298,1298,8014,名詞,接尾,一般,*,*,*,汁,ジル,ジル
以後,1305,1305,7071,名詞,接尾,副詞可能,*,*,*,以後,イゴ,イゴ
向き,1298,1298,8468,名詞,接尾,一般,*,*,*,向き,ムキ,ムキ
選び,1298,1298,11416,名詞,接尾,一般,*,*,*,選び,エラビ,エラビ
ごと,1298,1298,7982,名詞,接尾,一般,*,*,*,ごと,ゴト,ゴト
ビット,1300,1300,8617,名詞,接尾,助数詞,*,*,*,ビット,ビット,ビット
キロトン,1300,1300,8567,名詞,接尾,助数詞,*,*,*,キロトン,キロトン,キロトン
画,1300,1300,12038,名詞,接尾,助数詞,*,*,*,画,カク,カク
番,1300,1300,10646,名詞,接尾,助数詞,*,*,*,番,バン,バン
じまい,1298,1298,9131,名詞,接尾,一般,*,*,*,じまい,ジマイ,ジマイ
練り,1298,1298,8200,名詞,接尾,一般,*,*,*,練り,ネリ,ネリ
棺,1298,1298,8968,名詞,接尾,一般,*,*,*,棺,カン,カン
略,1298,1298,9082,名詞,接尾,一般,*,*,*,略,リャク,リャク
ダーハム,1300,1300,8698,名詞,接尾,助数詞,*,*,*,ダーハム,ダーハム,ダーハム
個国,1300,1300,9794,名詞,接尾,助数詞,*,*,*,個国,カコク,カコク
替わり,1298,1298,8511,名詞,接尾,一般,*,*,*,替わり,ガワリ,ガワリ
年余,1300,1300,8645,名詞,接尾,助数詞,*,*,*,年余,ネンヨ,ネンヨ
年余,1300,1300,10746,名詞,接尾,助数詞,*,*,*,年余,ネンアマリ,ネンアマリ
ところ,1300,1300,12969,名詞,接尾,助数詞,*,*,*,ところ,トコロ,トコロ
所,1298,1298,7562,名詞,接尾,一般,*,*,*,所,ショ,ショ
所,1298,1298,8127,名詞,接尾,一般,*,*,*,所,ジョ,ジョ
びな,1298,1298,9260,名詞,接尾,一般,*,*,*,びな,ビナ,ビナ
金,1300,1300,14021,名詞,接尾,助数詞,*,*,*,金,キン,キン
値,1298,1298,10082,名詞,接尾,一般,*,*,*,値,チ,チ
値,1298,1298,11841,名詞,接尾,一般,*,*,*,値,ネ,ネ
通,1300,1300,9633,名詞,接尾,助数詞,*,*,*,通,ツウ,ツー
席,1300,1300,11729,名詞,接尾,助数詞,*,*,*,席,セキ,セキ
ヶ月,1300,1300,9039,名詞,接尾,助数詞,*,*,*,ヶ月,カゲツ,カゲツ
方,1304,1304,8725,名詞,接尾,特殊,*,*,*,方,カタ,カタ
箇条,1300,1300,9872,名詞,接尾,助数詞,*,*,*,箇条,カジョウ,カジョー
したて,1298,1298,9459,名詞,接尾,一般,*,*,*,したて,シタテ,シタテ
騒ぎ,1298,1298,11402,名詞,接尾,一般,*,*,*,騒ぎ,サワギ,サワギ
ｐｐｍ,1300,1300,13705,名詞,接尾,助数詞,*,*,*,ｐｐｍ,ピーピーエム,ピーピーエム
小,1298,1298,8912,名詞,接尾,一般,*,*,*,小,ショウ,ショー
山,1303,1303,12602,名詞,接尾,地域,*,*,*,山,サン,サン
列,1300,1300,13379,名詞,接尾,助数詞,*,*,*,列,レツ,レツ
ケ所,1300,1300,8879,名詞,接尾,助数詞,*,*,*,ケ所,カショ,カショ
両,1300,1300,9768,名詞,接尾,助数詞,*,*,*,両,リョウ,リョー
詰め,1298,1298,8715,名詞,接尾,一般,*,*,*,詰め,ヅメ,ズメ
群,1298,1298,5547,名詞,接尾,一般,*,*,*,群,グン,グン
海,1303,1303,13848,名詞,接尾,地域,*,*,*,海,カイ,カイ
おこし,1298,1298,10765,名詞,接尾,一般,*,*,*,おこし,オコシ,オコシ
オーム,1300,1300,8698,名詞,接尾,助数詞,*,*,*,オーム,オーム,オーム
官,1298,1298,9583,名詞,接尾,一般,*,*,*,官,カン,カン
カ店,1300,1300,8783,名詞,接尾,助数詞,*,*,*,カ店,カテン,カテン
カ国,1300,1300,8026,名詞,接尾,助数詞,*,*,*,カ国,カコク,カコク
俵,1300,1300,10532,名詞,接尾,助数詞,*,*,*,俵,ヒョウ,ヒョー
園,1298,1298,9757,名詞,接尾,一般,*,*,*,園,エン,エン
以南,1298,1298,9111,名詞,接尾,一般,*,*,*,以南,イナン,イナン
なかば,1298,1298,9313,名詞,接尾,一般,*,*,*,なかば,ナカバ,ナカバ
製,1298,1298,7481,名詞,接尾,一般,*,*,*,製,セイ,セイ
藩,1298,1298,9964,名詞,接尾,一般,*,*,*,藩,ハン,ハン
立方メートル,1300,1300,9869,名詞,接尾,助数詞,*,*,*,立方メートル,リッポウメートル,リッポーメートル
法,1298,1298,8548,名詞,接尾,一般,*,*,*,法,ホウ,ホー
陵,1298,1298,9917,名詞,接尾,一般,*,*,*,陵,リョウ,リョウ
医,1298,1298,9097,名詞,接尾,一般,*,*,*,医,イ,イ
センチメートル,1300,1300,8698,名詞,接尾,助数詞,*,*,*,センチメートル,センチメートル,センチメートル
獅子,1298,1298,7243,名詞,接尾,一般,*,*,*,獅子,ジシ,ジシ
分木,1300,1300,9872,名詞,接尾,助数詞,*,*,*,分木,ブンギ,ブンギ
がま,1298,1298,10402,名詞,接尾,一般,*,*,*,がま,ガマ,ガマ
石,1298,1298,9226,名詞,接尾,一般,*,*,*,石,セキ,セキ
石,1298,1298,10760,名詞,接尾,一般,*,*,*,石,イシ,イシ
ビレ,1298,1298,8772,名詞,接尾,一般,*,*,*,ビレ,ビレ,ビレ
葉,1300,1300,11202,名詞,接尾,助数詞,*,*,*,葉,ヨウ,ヨー
分目,1300,1300,11863,名詞,接尾,助数詞,*,*,*,分目,フンメ,フンメ
個年,1300,1300,9872,名詞,接尾,助数詞,*,*,*,個年,カネン,カネン
号証,1300,1300,9872,名詞,接尾,助数詞,*,*,*,号証,ゴウショウ,ゴーショー
虫,1298,1298,9490,名詞,接尾,一般,*,*,*,虫,チュウ,チュー
けた,1300,1300,12173,名詞,接尾,助数詞,*,*,*,けた,ケタ,ケタ
掘り,1298,1298,10302,名詞,接尾,一般,*,*,*,掘り,ホリ,ホリ
厘,1300,1300,10583,名詞,接尾,助数詞,*,*,*,厘,リン,リン
時半,1300,1300,13792,名詞,接尾,助数詞,*,*,*,時半,ジハン,ジハン
粍,1300,1300,9872,名詞,接尾,助数詞,*,*,*,粍,ミリメートル,ミリメートル
びれ,1298,1298,9331,名詞,接尾,一般,*,*,*,びれ,ビレ,ビレ
殿,1302,1302,8622,名詞,接尾,人名,*,*,*,殿,ドノ,ドノ
順,1298,1298,9358,名詞,接尾,一般,*,*,*,順,ジュン,ジュン
ｋｌ,1300,1300,13674,名詞,接尾,助数詞,*,*,*,ｋｌ,キロリットル,キロリットル
札,1298,1298,9003,名詞,接尾,一般,*,*,*,札,サツ,サツ
年,1298,1298,9827,名詞,接尾,一般,*,*,*,年,ネン,ネン
年,1298,1298,12141,名詞,接尾,一般,*,*,*,年,トシ,トシ
ヵ村,1300,1300,8698,名詞,接尾,助数詞,*,*,*,ヵ村,カソン,カソン
辺,1300,1300,10258,名詞,接尾,助数詞,*,*,*,辺,ヘン,ヘン
増し,1298,1298,9367,名詞,接尾,一般,*,*,*,増し,マシ,マシ
路,1298,1298,9919,名詞,接尾,一般,*,*,*,路,ロ,ロ
路,1298,1298,11697,名詞,接尾,一般,*,*,*,路,ジ,ジ
食,1300,1300,11365,名詞,接尾,助数詞,*,*,*,食,ショク,ショク
余,1298,1298,7551,名詞,接尾,一般,*,*,*,余,ヨ,ヨ
余,1298,1298,7574,名詞,接尾,一般,*,*,*,余,アマリ,アマリ
済み,1298,1298,8004,名詞,接尾,一般,*,*,*,済み,ズミ,ズミ
ケース,1300,1300,8777,名詞,接尾,助数詞,*,*,*,ケース,ケース,ケース
か国,1300,1300,12090,名詞,接尾,助数詞,*,*,*,か国,カコク,カコク
平方メートル,1300,1300,7683,名詞,接尾,助数詞,*,*,*,平方メートル,ヘイホウメートル,ヘイホーメートル
旗,1298,1298,9222,名詞,接尾,一般,*,*,*,旗,キ,キ
駅,1303,1303,8249,名詞,接尾,地域,*,*,*,駅,エキ,エキ
周,1300,1300,12284,名詞,接尾,助数詞,*,*,*,周,シュウ,シュー
論,1298,1298,6970,名詞,接尾,一般,*,*,*,論,ロン,ロン
ｍｌ,1300,1300,13701,名詞,接尾,助数詞,*,*,*,ｍｌ,ミリリットル,ミリリットル
マルカ,1300,1300,8790,名詞,接尾,助数詞,*,*,*,マルカ,マルカ,マルカ
転,1300,1300,12590,名詞,接尾,助数詞,*,*,*,転,テン,テン
マイル,1300,1300,8698,名詞,接尾,助数詞,*,*,*,マイル,マイル,マイル
エクスード,1300,1300,8698,名詞,接尾,助数詞,*,*,*,エクスード,エクスード,エクスード
間,1298,1298,9165,名詞,接尾,一般,*,*,*,間,カン,カン
安,1298,1298,9768,名詞,接尾,一般,*,*,*,安,ヤス,ヤス
弁,1298,1298,9252,名詞,接尾,一般,*,*,*,弁,ベン,ベン
親等,1300,1300,9622,名詞,接尾,助数詞,*,*,*,親等,シントウ,シントー
食,1298,1298,9765,名詞,接尾,一般,*,*,*,食,ショク,ショク
ドル,1300,1300,8684,名詞,接尾,助数詞,*,*,*,ドル,ドル,ドル
ほど,1298,1298,11185,名詞,接尾,一般,*,*,*,ほど,ホド,ホド
分間,1300,1300,9354,名詞,接尾,助数詞,*,*,*,分間,フンカン,フンカン
っぱなし,1298,1298,9200,名詞,接尾,一般,*,*,*,っぱなし,ッパナシ,ッパナシ
峰,1298,1298,9118,名詞,接尾,一般,*,*,*,峰,ホウ,ホー
句,1298,1298,10767,名詞,接尾,一般,*,*,*,句,ク,ク
釣り,1298,1298,9128,名詞,接尾,一般,*,*,*,釣り,ヅリ,ズリ
っ子,1298,1298,9962,名詞,接尾,一般,*,*,*,っ子,ッコ,ッコ
辺,1305,1305,8861,名詞,接尾,副詞可能,*,*,*,辺,アタリ,アタリ
光年,1300,1300,10268,名詞,接尾,助数詞,*,*,*,光年,コウネン,コーネン
色,1298,1298,7560,名詞,接尾,一般,*,*,*,色,ショク,ショク
色,1298,1298,8102,名詞,接尾,一般,*,*,*,色,イロ,イロ
審,1298,1298,9139,名詞,接尾,一般,*,*,*,審,シン,シン
漬け,1298,1298,7435,名詞,接尾,一般,*,*,*,漬け,ヅケ,ズケ
艘,1300,1300,10873,名詞,接尾,助数詞,*,*,*,艘,ソウ,ソー
以西,1298,1298,8898,名詞,接尾,一般,*,*,*,以西,イセイ,イセイ
分,1298,1298,8197,名詞,接尾,一般,*,*,*,分,ブン,ブン
手,1298,1298,8896,名詞,接尾,一般,*,*,*,手,シュ,シュ
手,1298,1298,10783,名詞,接尾,一般,*,*,*,手,テ,テ
未満,1298,1298,7291,名詞,接尾,一般,*,*,*,未満,ミマン,ミマン
ごっこ,1298,1298,9261,名詞,接尾,一般,*,*,*,ごっこ,ゴッコ,ゴッコ
まがい,1298,1298,9251,名詞,接尾,一般,*,*,*,まがい,マガイ,マガイ
軸,1298,1298,9761,名詞,接尾,一般,*,*,*,軸,ジク,ジク
張り,1298,1298,9928,名詞,接尾,一般,*,*,*,張り,バリ,バリ
穴,1298,1298,9994,名詞,接尾,一般,*,*,*,穴,アナ,アナ
明け,1298,1298,6377,名詞,接尾,一般,*,*,*,明け,アケ,アケ
党,1298,1298,15353,名詞,接尾,一般,*,*,*,党,トウ,トー
組,1298,1298,7884,名詞,接尾,一般,*,*,*,組,グミ,グミ
組,1298,1298,10615,名詞,接尾,一般,*,*,*,組,クミ,クミ
局,1298,1298,8348,名詞,接尾,一般,*,*,*,局,キョク,キョク
誌,1298,1298,9027,名詞,接尾,一般,*,*,*,誌,シ,シ
体,1298,1298,10875,名詞,接尾,一般,*,*,*,体,タイ,タイ
腺,1298,1298,9523,名詞,接尾,一般,*,*,*,腺,セン,セン
スクレ,1300,1300,8698,名詞,接尾,助数詞,*,*,*,スクレ,スクレ,スクレ
期,1298,1298,8407,名詞,接尾,一般,*,*,*,期,キ,キ
か条,1300,1300,12167,名詞,接尾,助数詞,*,*,*,か条,カジョウ,カジョー
心,1298,1298,8391,名詞,接尾,一般,*,*,*,心,シン,シン
心,1298,1298,9405,名詞,接尾,一般,*,*,*,心,ゴコロ,ゴコロ
心,1298,1298,11830,名詞,接尾,一般,*,*,*,心,ココロ,ココロ
状,1298,1298,8246,名詞,接尾,一般,*,*,*,状,ジョウ,ジョー
％,1300,1300,8993,名詞,接尾,助数詞,*,*,*,％,パーセント,パーセント
そ,1301,1301,11484,名詞,接尾,助動詞語幹,*,*,*,そ,ソ,ソ
品,1298,1298,11215,名詞,接尾,一般,*,*,*,品,ヒン,ヒン
品,1298,1298,15097,名詞,接尾,一般,*,*,*,品,ピン,ピン
付近,1298,1298,13053,名詞,接尾,一般,*,*,*,付近,フキン,フキン
編,1298,1298,8089,名詞,接尾,一般,*,*,*,編,ヘン,ヘン
みち,1298,1298,8173,名詞,接尾,一般,*,*,*,みち,ミチ,ミチ
哩,1300,1300,9873,名詞,接尾,助数詞,*,*,*,哩,マイル,マイル
薄,1299,1299,7784,名詞,接尾,形容動詞語幹,*,*,*,薄,ウス,ウス
紙,1298,1298,8026,名詞,接尾,一般,*,*,*,紙,シ,シ
ＳＤＲ,1300,1300,13677,名詞,接尾,助数詞,*,*,*,ＳＤＲ,エスディーアール,エスディーアール
ずみ,1298,1298,9227,名詞,接尾,一般,*,*,*,ずみ,ズミ,ズミ
まわり,1300,1300,11892,名詞,接尾,助数詞,*,*,*,まわり,マワリ,マワリ
絡み,1298,1298,8899,名詞,接尾,一般,*,*,*,絡み,ガラミ,ガラミ
尾,1300,1300,12148,名詞,接尾,助数詞,*,*,*,尾,ビ,ビ
界,1298,1298,8996,名詞,接尾,一般,*,*,*,界,カイ,カイ
羽,1298,1298,8045,名詞,接尾,一般,*,*,*,羽,ワ,ワ
位,1300,1300,9198,名詞,接尾,助数詞,*,*,*,位,イ,イ
字詰め,1300,1300,9858,名詞,接尾,助数詞,*,*,*,字詰め,ジヅメ,ジズメ
まみれ,1298,1298,9261,名詞,接尾,一般,*,*,*,まみれ,マミレ,マミレ
駐,1298,1298,9145,名詞,接尾,一般,*,*,*,駐,チュウ,チュー
具,1298,1298,9778,名詞,接尾,一般,*,*,*,具,グ,グ
伝,1298,1298,10346,名詞,接尾,一般,*,*,*,伝,デン,デン
ゆえ,1298,1298,8843,名詞,接尾,一般,*,*,*,ゆえ,ユエ,ユエ
ディーケー,1300,1300,8698,名詞,接尾,助数詞,*,*,*,ディーケー,ディーケー,ディーケイ
ペソ,1300,1300,8685,名詞,接尾,助数詞,*,*,*,ペソ,ペソ,ペソ
網,1298,1298,6173,名詞,接尾,一般,*,*,*,網,モウ,モー
ちん,1302,1302,7992,名詞,接尾,人名,*,*,*,ちん,チン,チン
さん,1302,1302,6910,名詞,接尾,人名,*,*,*,さん,サン,サン
局,1300,1300,10351,名詞,接尾,助数詞,*,*,*,局,キョク,キョク
貫目,1300,1300,9872,名詞,接尾,助数詞,*,*,*,貫目,カンメ,カンメ
知らず,1298,1298,9159,名詞,接尾,一般,*,*,*,知らず,シラズ,シラズ
ちゃん,1302,1302,9175,名詞,接尾,人名,*,*,*,ちゃん,チャン,チャン
評,1298,1298,10145,名詞,接尾,一般,*,*,*,評,ヒョウ,ヒョー
相,1298,1298,9745,名詞,接尾,一般,*,*,*,相,ショウ,ショー
個,1300,1300,9115,名詞,接尾,助数詞,*,*,*,個,コ,コ
弾,1298,1298,7700,名詞,接尾,一般,*,*,*,弾,ダン,ダン
内,1300,1300,10916,名詞,接尾,助数詞,*,*,*,内,ナイ,ナイ
軍,1298,1298,8591,名詞,接尾,一般,*,*,*,軍,グン,グン
可,1298,1298,9115,名詞,接尾,一般,*,*,*,可,カ,カ
火,1298,1298,9579,名詞,接尾,一般,*,*,*,火,ヒ,ヒ
室,1300,1300,10855,名詞,接尾,助数詞,*,*,*,室,シツ,シツ
獣,1298,1298,8564,名詞,接尾,一般,*,*,*,獣,ジュウ,ジュウ
しだい,1298,1298,7589,名詞,接尾,一般,*,*,*,しだい,シダイ,シダイ
陣,1300,1300,10305,名詞,接尾,助数詞,*,*,*,陣,ジン,ジン
かげ,1298,1298,9099,名詞,接尾,一般,*,*,*,かげ,カゲ,カゲ
合わせ,1298,1298,9516,名詞,接尾,一般,*,*,*,合わせ,アワセ,アワセ
駄,1300,1300,10228,名詞,接尾,助数詞,*,*,*,駄,ダ,ダ
噸,1300,1300,10216,名詞,接尾,助数詞,*,*,*,噸,トン,トン
着,1298,1298,9176,名詞,接尾,一般,*,*,*,着,ギ,ギ
着,1298,1298,10116,名詞,接尾,一般,*,*,*,着,チャク,チャク
間,1300,1300,12698,名詞,接尾,助数詞,*,*,*,間,ケン,ケン
じゅう,1305,1305,9261,名詞,接尾,副詞可能,*,*,*,じゅう,ジュウ,ジュー
分,1300,1300,10004,名詞,接尾,助数詞,*,*,*,分,フン,フン
分,1300,1300,13223,名詞,接尾,助数詞,*,*,*,分,ブ,ブ
数,1298,1298,8170,名詞,接尾,一般,*,*,*,数,スウ,スー
季,1300,1300,13323,名詞,接尾,助数詞,*,*,*,季,キ,キ
書,1298,1298,9499,名詞,接尾,一般,*,*,*,書,ショ,ショ
鍋,1298,1298,10905,名詞,接尾,一般,*,*,*,鍋,ナベ,ナベ
長,1298,1298,9838,名詞,接尾,一般,*,*,*,長,チョウ,チョー
ページ,1300,1300,8118,名詞,接尾,助数詞,*,*,*,ページ,ページ,ページ
行,1300,1300,11526,名詞,接尾,助数詞,*,*,*,行,コウ,コー
行,1300,1300,12970,名詞,接尾,助数詞,*,*,*,行,ギョウ,ギョー
メガビット,1300,1300,8677,名詞,接尾,助数詞,*,*,*,メガビット,メガビット,メガビット
テラ,1300,1300,8718,名詞,接尾,助数詞,*,*,*,テラ,テラ,テラ
共,1298,1298,10811,名詞,接尾,一般,*,*,*,共,トモ,トモ
共,1298,1298,10609,名詞,接尾,一般,*,*,*,共,ドモ,ドモ
焼,1298,1298,9315,名詞,接尾,一般,*,*,*,焼,ショウ,ショー
ホン,1300,1300,8730,名詞,接尾,助数詞,*,*,*,ホン,ホン,ホン
か所,1300,1300,12349,名詞,接尾,助数詞,*,*,*,か所,カショ,カショ
面,1298,1298,8543,名詞,接尾,一般,*,*,*,面,メン,メン
ドラクマ,1300,1300,8698,名詞,接尾,助数詞,*,*,*,ドラクマ,ドラクマ,ドラクマ
弦,1300,1300,10638,名詞,接尾,助数詞,*,*,*,弦,ゲン,ゲン
割れ,1298,1298,8189,名詞,接尾,一般,*,*,*,割れ,ワレ,ワレ
球,1298,1298,11633,名詞,接尾,一般,*,*,*,球,ダマ,ダマ
球,1298,1298,12591,名詞,接尾,一般,*,*,*,球,キュウ,キュー
ごたえ,1298,1298,9299,名詞,接尾,一般,*,*,*,ごたえ,ゴタエ,ゴタエ
率,1298,1298,8039,名詞,接尾,一般,*,*,*,率,リツ,リツ
番手,1300,1300,9787,名詞,接尾,助数詞,*,*,*,番手,バンテ,バンテ
グラム,1300,1300,8679,名詞,接尾,助数詞,*,*,*,グラム,グラム,グラム
掛け,1298,1298,10317,名詞,接尾,一般,*,*,*,掛け,カケ,カケ
個月,1300,1300,10213,名詞,接尾,助数詞,*,*,*,個月,カゲツ,カゲツ
ダウン,1298,1298,10723,名詞,接尾,一般,*,*,*,ダウン,ダウン,ダウン
ｔ,1300,1300,14059,名詞,接尾,助数詞,*,*,*,ｔ,トン,トン
科,1298,1298,8084,名詞,接尾,一般,*,*,*,科,カ,カ
分け,1297,1297,9310,名詞,接尾,サ変接続,*,*,*,分け,ワケ,ワケ
作り,1298,1298,6760,名詞,接尾,一般,*,*,*,作り,ヅクリ,ズクリ
作り,1298,1298,8956,名詞,接尾,一般,*,*,*,作り,ツクリ,ツクリ
条,1300,1300,10829,名詞,接尾,助数詞,*,*,*,条,ジョウ,ジョー
そろい,1300,1300,12179,名詞,接尾,助数詞,*,*,*,そろい,ソロイ,ソロイ
球,1300,1300,13245,名詞,接尾,助数詞,*,*,*,球,キュウ,キュー
狂,1298,1298,8221,名詞,接尾,一般,*,*,*,狂,キョウ,キョー
名,1300,1300,11224,名詞,接尾,助数詞,*,*,*,名,メイ,メイ
遍,1300,1300,10405,名詞,接尾,助数詞,*,*,*,遍,ヘン,ヘン
王,1298,1298,9971,名詞,接尾,一般,*,*,*,王,オウ,オー
文,1300,1300,12183,名詞,接尾,助数詞,*,*,*,文,ブン,ブン
文,1300,1300,12658,名詞,接尾,助数詞,*,*,*,文,モン,モン
輪,1300,1300,10468,名詞,接尾,助数詞,*,*,*,輪,リン,リン
化,1297,1297,6390,名詞,接尾,サ変接続,*,*,*,化,カ,カ
枠,1300,1300,8322,名詞,接尾,助数詞,*,*,*,枠,ワク,ワク
筆,1298,1298,9107,名詞,接尾,一般,*,*,*,筆,ヒツ,ヒツ
バール,1300,1300,8699,名詞,接尾,助数詞,*,*,*,バール,バール,バール
シリング,1300,1300,8698,名詞,接尾,助数詞,*,*,*,シリング,シリング,シリング
人月,1300,1300,9872,名詞,接尾,助数詞,*,*,*,人月,ニンゲツ,ニンゲツ
ペニー,1300,1300,8698,名詞,接尾,助数詞,*,*,*,ペニー,ペニー,ペニー
ガモ,1298,1298,8768,名詞,接尾,一般,*,*,*,ガモ,ガモ,ガモ
刷,1300,1300,9761,名詞,接尾,助数詞,*,*,*,刷,サツ,サツ
個口,1300,1300,9843,名詞,接尾,助数詞,*,*,*,個口,コグチ,コグチ
月,1300,1300,17099,名詞,接尾,助数詞,*,*,*,月,ツキ,ツキ
ガロン,1300,1300,8698,名詞,接尾,助数詞,*,*,*,ガロン,ガロン,ガロン
葬,1298,1298,8688,名詞,接尾,一般,*,*,*,葬,ソウ,ソー
罰,1298,1298,9220,名詞,接尾,一般,*,*,*,罰,バツ,バツ
カイリ,1300,1300,8573,名詞,接尾,助数詞,*,*,*,カイリ,カイリ,カイリ
機,1300,1300,10728,名詞,接尾,助数詞,*,*,*,機,キ,キ
売,1298,1298,10056,名詞,接尾,一般,*,*,*,売,ウリ,ウリ
拳,1298,1298,9437,名詞,接尾,一般,*,*,*,拳,ケン,ケン
版,1298,1298,7465,名詞,接尾,一般,*,*,*,版,バン,バン
限,1300,1300,11121,名詞,接尾,助数詞,*,*,*,限,ゲン,ゲン
石,1300,1300,10940,名詞,接尾,助数詞,*,*,*,石,セキ,セキ
石,1300,1300,12736,名詞,接尾,助数詞,*,*,*,石,コク,コク
票,1298,1298,9187,名詞,接尾,一般,*,*,*,票,ヒョウ,ヒョー
ウォン,1300,1300,8678,名詞,接尾,助数詞,*,*,*,ウォン,ウォン,ウォン
びたし,1298,1298,9254,名詞,接尾,一般,*,*,*,びたし,ビタシ,ビタシ
発,1300,1300,9821,名詞,接尾,助数詞,*,*,*,発,ハツ,ハツ
マン,1298,1298,9842,名詞,接尾,一般,*,*,*,マン,マン,マン
油,1298,1298,9687,名詞,接尾,一般,*,*,*,油,ユ,ユ
港,1303,1303,11988,名詞,接尾,地域,*,*,*,港,コウ,コー
風,1298,1298,8728,名詞,接尾,一般,*,*,*,風,フウ,フー
回,1300,1300,7597,名詞,接尾,助数詞,*,*,*,回,カイ,カイ
遣い,1298,1298,7064,名詞,接尾,一般,*,*,*,遣い,ヅカイ,ズカイ
ども,1298,1298,10487,名詞,接尾,一般,*,*,*,ども,ドモ,ドモ
ポイント,1300,1300,7203,名詞,接尾,助数詞,*,*,*,ポイント,ポイント,ポイント
心地,1298,1298,7990,名詞,接尾,一般,*,*,*,心地,ゴコチ,ゴコチ
年代,1300,1300,8671,名詞,接尾,助数詞,*,*,*,年代,ネンダイ,ネンダイ
鋼,1298,1298,8149,名詞,接尾,一般,*,*,*,鋼,コウ,コー
付,1298,1298,7530,名詞,接尾,一般,*,*,*,付,ヅケ,ズケ
付,1298,1298,11933,名詞,接尾,一般,*,*,*,付,フ,フ
付,1298,1298,11198,名詞,接尾,一般,*,*,*,付,ツキ,ツキ
画,1298,1298,9738,名詞,接尾,一般,*,*,*,画,ガ,ガ
士,1298,1298,9439,名詞,接尾,一般,*,*,*,士,シ,シ
帯,1298,1298,7622,名詞,接尾,一般,*,*,*,帯,タイ,タイ
つ折り,1300,1300,12167,名詞,接尾,助数詞,*,*,*,つ折り,ツオリ,ツオリ
つまみ,1300,1300,12703,名詞,接尾,助数詞,*,*,*,つまみ,ツマミ,ツマミ
デニール,1300,1300,8698,名詞,接尾,助数詞,*,*,*,デニール,デニール,デニール
張り,1300,1300,10371,名詞,接尾,助数詞,*,*,*,張り,ハリ,ハリ
館,1298,1298,7992,名詞,接尾,一般,*,*,*,館,カン,カン
もと,1298,1298,9701,名詞,接尾,一般,*,*,*,もと,モト,モト
替え,1298,1298,10543,名詞,接尾,一般,*,*,*,替え,ガエ,ガエ
くだり,1300,1300,12479,名詞,接尾,助数詞,*,*,*,くだり,クダリ,クダリ
キロメートル,1300,1300,8698,名詞,接尾,助数詞,*,*,*,キロメートル,キロメートル,キロメートル
馬身,1300,1300,9871,名詞,接尾,助数詞,*,*,*,馬身,バシン,バシン
児,1298,1298,9197,名詞,接尾,一般,*,*,*,児,ジ,ジ
運び,1298,1298,8306,名詞,接尾,一般,*,*,*,運び,ハコビ,ハコビ
湖,1303,1303,10436,名詞,接尾,地域,*,*,*,湖,コ,コ
園,1300,1300,11396,名詞,接尾,助数詞,*,*,*,園,エン,エン
進数,1300,1300,9872,名詞,接尾,助数詞,*,*,*,進数,シンスウ,シンスー
余り,1298,1298,6371,名詞,接尾,一般,*,*,*,余り,アマリ,アマリ
分け,1300,1300,12355,名詞,接尾,助数詞,*,*,*,分け,ワケ,ワケ
目,1298,1298,7199,名詞,接尾,一般,*,*,*,目,メ,メ
刀,1298,1298,8272,名詞,接尾,一般,*,*,*,刀,ガタナ,ガタナ
かた,1298,1298,10286,名詞,接尾,一般,*,*,*,かた,カタ,カタ
袋,1298,1298,8971,名詞,接尾,一般,*,*,*,袋,ブクロ,ブクロ
作,1300,1300,12904,名詞,接尾,助数詞,*,*,*,作,サク,サク
材,1298,1298,9905,名詞,接尾,一般,*,*,*,材,ザイ,ザイ
向け,1298,1298,7300,名詞,接尾,一般,*,*,*,向け,ムケ,ムケ
閥,1298,1298,9219,名詞,接尾,一般,*,*,*,閥,バツ,バツ
ミリバール,1300,1300,8698,名詞,接尾,助数詞,*,*,*,ミリバール,ミリバール,ミリバール
エスクード,1300,1300,8698,名詞,接尾,助数詞,*,*,*,エスクード,エスクード,エスクード
ｍ,1300,1300,14159,名詞,接尾,助数詞,*,*,*,ｍ,メートル,メートル
址,1298,1298,9360,名詞,接尾,一般,*,*,*,址,シ,シ
か月,1300,1300,12507,名詞,接尾,助数詞,*,*,*,か月,カゲツ,カゲツ
著,1302,1302,8114,名詞,接尾,人名,*,*,*,著,チョ,チョ
箱,1300,1300,10166,名詞,接尾,助数詞,*,*,*,箱,ハコ,ハコ
不可,1298,1298,8233,名詞,接尾,一般,*,*,*,不可,フカ,フカ
名,1298,1298,9511,名詞,接尾,一般,*,*,*,名,メイ,メイ
もの,1298,1298,10461,名詞,接尾,一般,*,*,*,もの,モノ,モノ
性,1298,1298,7390,名詞,接尾,一般,*,*,*,性,セイ,セイ
祭,1298,1298,7461,名詞,接尾,一般,*,*,*,祭,サイ,サイ
カロリー,1300,1300,9033,名詞,接尾,助数詞,*,*,*,カロリー,カロリー,カロリー
選,1298,1298,9749,名詞,接尾,一般,*,*,*,選,セン,セン
型,1300,1300,10509,名詞,接尾,助数詞,*,*,*,型,ガタ,ガタ
袋,1300,1300,10608,名詞,接尾,助数詞,*,*,*,袋,フクロ,フクロ
ピコ,1300,1300,8699,名詞,接尾,助数詞,*,*,*,ピコ,ピコ,ピコ
艇,1298,1298,10317,名詞,接尾,一般,*,*,*,艇,テイ,テイ
県,1303,1303,6399,名詞,接尾,地域,*,*,*,県,ケン,ケン
よう,1298,1298,6226,名詞,接尾,一般,*,*,*,よう,ヨウ,ヨー
さばき,1298,1298,10653,名詞,接尾,一般,*,*,*,さばき,サバキ,サバキ
宛て,1298,1298,8556,名詞,接尾,一般,*,*,*,宛て,アテ,アテ
どうし,1298,1298,9634,名詞,接尾,一般,*,*,*,どうし,ドウシ,ドーシ
染め,1298,1298,7792,名詞,接尾,一般,*,*,*,染め,ゾメ,ゾメ
Ｍバイト,1300,1300,13714,名詞,接尾,助数詞,*,*,*,Ｍバイト,メガバイト,メガバイト
サンチーム,1300,1300,8698,名詞,接尾,助数詞,*,*,*,サンチーム,サンチーム,サンチーム
則,1298,1298,10917,名詞,接尾,一般,*,*,*,則,ソク,ソク
書き,1298,1298,7403,名詞,接尾,一般,*,*,*,書き,ガキ,ガキ
書き,1298,1298,9285,名詞,接尾,一般,*,*,*,書き,カキ,カキ
区,1300,1300,9974,名詞,接尾,助数詞,*,*,*,区,ク,ク
ｈｐａ,1300,1300,13714,名詞,接尾,助数詞,*,*,*,ｈｐａ,ヘクトパスカル,ヘクトパスカル
出し,1298,1298,10800,名詞,接尾,一般,*,*,*,出し,ダシ,ダシ
等,1298,1298,9278,名詞,接尾,一般,*,*,*,等,トウ,トー
等,1298,1298,12030,名詞,接尾,一般,*,*,*,等,ラ,ラ
金,1298,1298,8518,名詞,接尾,一般,*,*,*,金,キン,キン
がらみ,1298,1298,9325,名詞,接尾,一般,*,*,*,がらみ,ガラミ,ガラミ
ｋｈｚ,1300,1300,13714,名詞,接尾,助数詞,*,*,*,ｋｈｚ,キロヘルツ,キロヘルツ
水,1298,1298,10950,名詞,接尾,一般,*,*,*,水,スイ,スイ
水,1298,1298,12004,名詞,接尾,一般,*,*,*,水,ミズ,ミズ
フォン,1300,1300,8698,名詞,接尾,助数詞,*,*,*,フォン,フォン,フォン
年来,1300,1300,9681,名詞,接尾,助数詞,*,*,*,年来,ネンライ,ネンライ
絵,1298,1298,10761,名詞,接尾,一般,*,*,*,絵,エ,エ
週,1300,1300,11365,名詞,接尾,助数詞,*,*,*,週,シュウ,シュー
足らず,1298,1298,7382,名詞,接尾,一般,*,*,*,足らず,タラズ,タラズ
飾り,1298,1298,8735,名詞,接尾,一般,*,*,*,飾り,カザリ,カザリ
リットル,1300,1300,8570,名詞,接尾,助数詞,*,*,*,リットル,リットル,リットル
焼き,1298,1298,9169,名詞,接尾,一般,*,*,*,焼き,ヤキ,ヤキ
線,1300,1300,11278,名詞,接尾,助数詞,*,*,*,線,セン,セン
年度,1298,1298,10056,名詞,接尾,一般,*,*,*,年度,ネンド,ネンド
持ち,1298,1298,10277,名詞,接尾,一般,*,*,*,持ち,モチ,モチ
年,1300,1300,8465,名詞,接尾,助数詞,*,*,*,年,ネン,ネン
価,1300,1300,12336,名詞,接尾,助数詞,*,*,*,価,カ,カ
博,1298,1298,10369,名詞,接尾,一般,*,*,*,博,ハク,ハク
パーセント,1300,1300,8479,名詞,接尾,助数詞,*,*,*,パーセント,パーセント,パーセント
付き,1298,1298,7415,名詞,接尾,一般,*,*,*,付き,ツキ,ツキ
疲れ,1298,1298,9583,名詞,接尾,一般,*,*,*,疲れ,ヅカレ,ズカレ
泊,1300,1300,9452,名詞,接尾,助数詞,*,*,*,泊,ハク,ハク
破り,1298,1298,10429,名詞,接尾,一般,*,*,*,破り,ヤブリ,ヤブリ
さ,1304,1304,5317,名詞,接尾,特殊,*,*,*,さ,サ,サ
州,1300,1300,13432,名詞,接尾,助数詞,*,*,*,州,シュウ,シュー
族,1298,1298,7932,名詞,接尾,一般,*,*,*,族,ゾク,ゾク
いじり,1298,1298,9252,名詞,接尾,一般,*,*,*,いじり,イジリ,イジリ
支度,1298,1298,7554,名詞,接尾,一般,*,*,*,支度,ジタク,ジタク
片,1300,1300,11152,名詞,接尾,助数詞,*,*,*,片,ヘン,ヘン
片,1300,1300,12520,名詞,接尾,助数詞,*,*,*,片,ペン,ペン
強,1298,1298,9842,名詞,接尾,一般,*,*,*,強,キョウ,キョー
量,1298,1298,9334,名詞,接尾,一般,*,*,*,量,リョウ,リョウ
証,1298,1298,10638,名詞,接尾,一般,*,*,*,証,ショウ,ショー
言,1300,1300,13757,名詞,接尾,助数詞,*,*,*,言,コト,コト
建て,1298,1298,6477,名詞,接尾,一般,*,*,*,建て,ダテ,ダテ
建て,1298,1298,10725,名詞,接尾,一般,*,*,*,建て,タテ,タテ
作,1298,1298,9833,名詞,接尾,一般,*,*,*,作,サク,サク
先,1298,1298,8318,名詞,接尾,一般,*,*,*,先,サキ,サキ
いかん,1298,1298,9666,名詞,接尾,一般,*,*,*,いかん,イカン,イカン
メガトン,1300,1300,8698,名詞,接尾,助数詞,*,*,*,メガトン,メガトン,メガトン
ガニ,1298,1298,8920,名詞,接尾,一般,*,*,*,ガニ,ガニ,ガニ
あけ,1298,1298,9046,名詞,接尾,一般,*,*,*,あけ,アケ,アケ
街,1298,1298,7885,名詞,接尾,一般,*,*,*,街,ガイ,ガイ
サイクル,1300,1300,8840,名詞,接尾,助数詞,*,*,*,サイクル,サイクル,サイクル
ラウンド,1300,1300,8382,名詞,接尾,助数詞,*,*,*,ラウンド,ラウンド,ラウンド
点,1300,1300,9507,名詞,接尾,助数詞,*,*,*,点,テン,テン
ｋｍ,1300,1300,13715,名詞,接尾,助数詞,*,*,*,ｋｍ,キロメートル,キロメートル
引き,1298,1298,8963,名詞,接尾,一般,*,*,*,引き,ビキ,ビキ
引き,1298,1298,10210,名詞,接尾,一般,*,*,*,引き,ヒキ,ヒキ
林,1298,1298,9881,名詞,接尾,一般,*,*,*,林,リン,リン
粉,1298,1298,9571,名詞,接尾,一般,*,*,*,粉,コ,コ
段式,1300,1300,12026,名詞,接尾,助数詞,*,*,*,段式,ダンシキ,ダンシキ
げいこ,1298,1298,9292,名詞,接尾,一般,*,*,*,げいこ,ゲイコ,ゲイコ
様,1300,1300,12444,名詞,接尾,助数詞,*,*,*,様,ヨウ,ヨー
トン,1300,1300,8220,名詞,接尾,助数詞,*,*,*,トン,トン,トン
肢,1298,1298,9957,名詞,接尾,一般,*,*,*,肢,シ,シ
カ寺,1300,1300,8303,名詞,接尾,助数詞,*,*,*,カ寺,カジ,カジ
ｃｃ,1300,1300,14514,名詞,接尾,助数詞,*,*,*,ｃｃ,シーシー,シーシー
便,1300,1300,9390,名詞,接尾,助数詞,*,*,*,便,ビン,ビン
みがき,1298,1298,9228,名詞,接尾,一般,*,*,*,みがき,ミガキ,ミガキ
げ,1298,1298,9800,名詞,接尾,一般,*,*,*,げ,ゲ,ゲ
アール,1300,1300,9237,名詞,接尾,助数詞,*,*,*,アール,アール,アール
本,1300,1300,9791,名詞,接尾,助数詞,*,*,*,本,ホン,ホン
沿い,1298,1298,6196,名詞,接尾,一般,*,*,*,沿い,ゾイ,ゾイ
沿い,1298,1298,7514,名詞,接尾,一般,*,*,*,沿い,ソイ,ソイ
魂,1298,1298,10316,名詞,接尾,一般,*,*,*,魂,ダマシイ,ダマシー
椀,1300,1300,10065,名詞,接尾,助数詞,*,*,*,椀,ワン,ワン
振り,1300,1300,10192,名詞,接尾,助数詞,*,*,*,振り,フリ,フリ
港,1300,1300,12458,名詞,接尾,助数詞,*,*,*,港,コウ,コー
くみ,1298,1298,9939,名詞,接尾,一般,*,*,*,くみ,クミ,クミ
伝い,1298,1298,8418,名詞,接尾,一般,*,*,*,伝い,ヅタイ,ズタイ
箇月,1300,1300,10213,名詞,接尾,助数詞,*,*,*,箇月,カゲツ,カゲツ
巻き,1298,1298,9948,名詞,接尾,一般,*,*,*,巻き,マキ,マキ
ら,1298,1298,9830,名詞,接尾,一般,*,*,*,ら,ラ,ラ
度目,1300,1300,7790,名詞,接尾,助数詞,*,*,*,度目,ドメ,ドメ
例,1300,1300,11493,名詞,接尾,助数詞,*,*,*,例,レイ,レイ
パット,1300,1300,8614,名詞,接尾,助数詞,*,*,*,パット,パット,パット
歴,1298,1298,8404,名詞,接尾,一般,*,*,*,歴,レキ,レキ
師,1298,1298,8749,名詞,接尾,一般,*,*,*,師,シ,シ
離れ,1298,1298,8781,名詞,接尾,一般,*,*,*,離れ,バナレ,バナレ
台,1300,1300,10076,名詞,接尾,助数詞,*,*,*,台,ダイ,ダイ
犯,1298,1298,9709,名詞,接尾,一般,*,*,*,犯,ハン,ハン
打,1298,1298,9095,名詞,接尾,一般,*,*,*,打,ダ,ダ
湾,1298,1298,8958,名詞,接尾,一般,*,*,*,湾,ワン,ワン
院,1298,1298,9059,名詞,接尾,一般,*,*,*,院,イン,イン
ボルト,1300,1300,8685,名詞,接尾,助数詞,*,*,*,ボルト,ボルト,ボルト
陣,1298,1298,8588,名詞,接尾,一般,*,*,*,陣,ジン,ジン
語,1298,1298,7810,名詞,接尾,一般,*,*,*,語,ゴ,ゴ
キロヘルツ,1300,1300,8698,名詞,接尾,助数詞,*,*,*,キロヘルツ,キロヘルツ,キロヘルツ
攻め,1298,1298,8494,名詞,接尾,一般,*,*,*,攻め,ゼメ,ゼメ
巻,1300,1300,10005,名詞,接尾,助数詞,*,*,*,巻,カン,カン
使,1298,1298,12054,名詞,接尾,一般,*,*,*,使,シ,シ
時限,1300,1300,9732,名詞,接尾,助数詞,*,*,*,時限,ジゲン,ジゲン
回忌,1300,1300,9899,名詞,接尾,助数詞,*,*,*,回忌,カイキ,カイキ
ばり,1298,1298,9433,名詞,接尾,一般,*,*,*,ばり,バリ,バリ
市内,1303,1303,12879,名詞,接尾,地域,*,*,*,市内,シナイ,シナイ
通り,1300,1300,9979,名詞,接尾,助数詞,*,*,*,通り,トオリ,トーリ
分の,1300,1300,8126,名詞,接尾,助数詞,*,*,*,分の,ブンノ,ブンノ
がわり,1298,1298,7498,名詞,接尾,一般,*,*,*,がわり,ガワリ,ガワリ
犯,1300,1300,11318,名詞,接尾,助数詞,*,*,*,犯,ハン,ハン
籍,1298,1298,12256,名詞,接尾,一般,*,*,*,籍,セキ,セキ
章,1300,1300,11634,名詞,接尾,助数詞,*,*,*,章,ショウ,ショー
気味,1298,1298,6993,名詞,接尾,一般,*,*,*,気味,ギミ,ギミ
続き,1300,1300,12175,名詞,接尾,助数詞,*,*,*,続き,ツヅキ,ツヅキ
数,1300,1300,13350,名詞,接尾,助数詞,*,*,*,数,スウ,スー
際,1298,1298,10057,名詞,接尾,一般,*,*,*,際,ギワ,ギワ
握り,1300,1300,10036,名詞,接尾,助数詞,*,*,*,握り,ニギリ,ニギリ
ｋメートル,1300,1300,13715,名詞,接尾,助数詞,*,*,*,ｋメートル,キロメートル,キロメートル
裁,1298,1298,12300,名詞,接尾,一般,*,*,*,裁,サイ,サイ
フィート,1300,1300,8698,名詞,接尾,助数詞,*,*,*,フィート,フィート,フィート
刈り,1298,1298,8338,名詞,接尾,一般,*,*,*,刈り,ガリ,ガリ
ごこち,1298,1298,9216,名詞,接尾,一般,*,*,*,ごこち,ゴコチ,ゴコチ
立,1298,1298,12772,名詞,接尾,一般,*,*,*,立,リツ,リツ
立,1298,1298,14400,名詞,接尾,一般,*,*,*,立,タテ,タテ
下り,1298,1298,8197,名詞,接尾,一般,*,*,*,下り,クダリ,クダリ
店,1300,1300,10387,名詞,接尾,助数詞,*,*,*,店,テン,テン
字,1300,1300,12882,名詞,接尾,助数詞,*,*,*,字,ジ,ジ
観,1298,1298,7849,名詞,接尾,一般,*,*,*,観,カン,カン
秒間,1300,1300,9797,名詞,接尾,助数詞,*,*,*,秒間,ビョウカン,ビョーカン
犬,1298,1298,9804,名詞,接尾,一般,*,*,*,犬,ケン,ケン
錠,1300,1300,10743,名詞,接尾,助数詞,*,*,*,錠,ジョウ,ジョー
船,1298,1298,9309,名詞,接尾,一般,*,*,*,船,セン,セン
講,1298,1298,9402,名詞,接尾,一般,*,*,*,講,コウ,コー
土,1298,1298,11122,名詞,接尾,一般,*,*,*,土,ド,ド
入り,1297,1297,6153,名詞,接尾,サ変接続,*,*,*,入り,イリ,イリ
号線,1300,1300,9872,名詞,接尾,助数詞,*,*,*,号線,ゴウセン,ゴーセン
Ｍｂ,1300,1300,13714,名詞,接尾,助数詞,*,*,*,Ｍｂ,メガバイト,メガバイト
上げ,1298,1298,12661,名詞,接尾,一般,*,*,*,上げ,アゲ,アゲ
湖,1300,1300,11274,名詞,接尾,助数詞,*,*,*,湖,コ,コ
刺し,1298,1298,8411,名詞,接尾,一般,*,*,*,刺し,ザシ,ザシ
賞,1298,1298,8422,名詞,接尾,一般,*,*,*,賞,ショウ,ショー
生,1298,1298,9371,名詞,接尾,一般,*,*,*,生,セイ,セイ
生,1298,1298,13249,名詞,接尾,一般,*,*,*,生,ウマレ,ウマレ
世,1300,1300,11541,名詞,接尾,助数詞,*,*,*,世,セイ,セイ
ぺん,1300,1300,12645,名詞,接尾,助数詞,*,*,*,ぺん,ペン,ペン
カ条,1300,1300,8698,名詞,接尾,助数詞,*,*,*,カ条,カジョウ,カジョー
Ｇバイト,1300,1300,13715,名詞,接尾,助数詞,*,*,*,Ｇバイト,ギガバイト,ギガバイト
柱,1298,1298,9071,名詞,接尾,一般,*,*,*,柱,バシラ,バシラ
斤,1300,1300,10302,名詞,接尾,助数詞,*,*,*,斤,キン,キン
年間,1300,1300,9163,名詞,接尾,助数詞,*,*,*,年間,ネンカン,ネンカン
漁,1298,1298,9439,名詞,接尾,一般,*,*,*,漁,リョウ,リョー
並み,1298,1298,6177,名詞,接尾,一般,*,*,*,並み,ナミ,ナミ
キロ,1300,1300,9148,名詞,接尾,助数詞,*,*,*,キロ,キロ,キロ
墳,1298,1298,8929,名詞,接尾,一般,*,*,*,墳,フン,フン
談,1298,1298,10258,名詞,接尾,一般,*,*,*,談,ダン,ダン
バレル,1300,1300,8700,名詞,接尾,助数詞,*,*,*,バレル,バレル,バレル
バーツ,1300,1300,8698,名詞,接尾,助数詞,*,*,*,バーツ,バーツ,バーツ
令,1298,1298,8182,名詞,接尾,一般,*,*,*,令,レイ,レイ
城,1298,1298,10602,名詞,接尾,一般,*,*,*,城,ジョウ,ジョー
案,1298,1298,9687,名詞,接尾,一般,*,*,*,案,アン,アン
固め,1298,1298,9931,名詞,接尾,一般,*,*,*,固め,ガタメ,ガタメ
物,1298,1298,8981,名詞,接尾,一般,*,*,*,物,ブツ,ブツ
物,1298,1298,10064,名詞,接尾,一般,*,*,*,物,モノ,モノ
びいき,1298,1298,9254,名詞,接尾,一般,*,*,*,びいき,ビイキ,ビイキ
フロア,1300,1300,8643,名詞,接尾,助数詞,*,*,*,フロア,フロア,フロア
好き,1299,1299,4101,名詞,接尾,形容動詞語幹,*,*,*,好き,スキ,スキ
入れ,1298,1298,9004,名詞,接尾,一般,*,*,*,入れ,イレ,イレ
ディナール,1300,1300,9610,名詞,接尾,助数詞,*,*,*,ディナール,ディナール,ディナール
歌,1298,1298,10104,名詞,接尾,一般,*,*,*,歌,カ,カ
口,1300,1300,10712,名詞,接尾,助数詞,*,*,*,口,クチ,クチ
層,1300,1300,13301,名詞,接尾,助数詞,*,*,*,層,ソウ,ソー
夕,1298,1298,11122,名詞,接尾,一般,*,*,*,夕,ユウ,ユー
づきあい,1298,1298,9254,名詞,接尾,一般,*,*,*,づきあい,ヅキアイ,ズキアイ
食い,1298,1298,8467,名詞,接尾,一般,*,*,*,食い,グイ,グイ
わき,1298,1298,9927,名詞,接尾,一般,*,*,*,わき,ワキ,ワキ
そう,1301,1301,5132,名詞,接尾,助動詞語幹,*,*,*,そう,ソウ,ソー
炎,1298,1298,6249,名詞,接尾,一般,*,*,*,炎,エン,エン
ギガ,1300,1300,9124,名詞,接尾,助数詞,*,*,*,ギガ,ギガ,ギガ
団,1298,1298,7007,名詞,接尾,一般,*,*,*,団,ダン,ダン
番地,1300,1300,9872,名詞,接尾,助数詞,*,*,*,番地,バンチ,バンチ
づくし,1298,1298,9253,名詞,接尾,一般,*,*,*,づくし,ヅクシ,ズクシ
ふう,1298,1298,8913,名詞,接尾,一般,*,*,*,ふう,フウ,フー
ｃａｌ,1300,1300,13778,名詞,接尾,助数詞,*,*,*,ｃａｌ,カロリー,カロリー
メガヘルツ,1300,1300,8632,名詞,接尾,助数詞,*,*,*,メガヘルツ,メガヘルツ,メガヘルツ
上,1298,1298,12108,名詞,接尾,一般,*,*,*,上,ウエ,ウエ
ヵ月,1300,1300,9039,名詞,接尾,助数詞,*,*,*,ヵ月,カゲツ,カゲツ
年生,1300,1300,9437,名詞,接尾,助数詞,*,*,*,年生,ネンセイ,ネンセイ
畳,1300,1300,10018,名詞,接尾,助数詞,*,*,*,畳,ジョウ,ジョー
糖,1298,1298,8899,名詞,接尾,一般,*,*,*,糖,トウ,トー
Ｒ,1300,1300,14201,名詞,接尾,助数詞,*,*,*,Ｒ,ラウンド,ラウンド
Ｒ,1300,1300,15569,名詞,接尾,助数詞,*,*,*,Ｒ,アール,アール
げんか,1298,1298,9248,名詞,接尾,一般,*,*,*,げんか,ゲンカ,ゲンカ
グァラニ,1300,1300,8698,名詞,接尾,助数詞,*,*,*,グァラニ,グァラニ,グァラニ
皮,1298,1298,9958,名詞,接尾,一般,*,*,*,皮,ガワ,ガワ
郡,1303,1303,7647,名詞,接尾,地域,*,*,*,郡,グン,グン
方,1300,1300,12787,名詞,接尾,助数詞,*,*,*,方,ポウ,ポー
方,1300,1300,14228,名詞,接尾,助数詞,*,*,*,方,ホウ,ホー
柱,1300,1300,9886,名詞,接尾,助数詞,*,*,*,柱,ハシラ,ハシラ
掴み,1300,1300,9911,名詞,接尾,助数詞,*,*,*,掴み,ツカミ,ツカミ
川,1303,1303,11133,名詞,接尾,地域,*,*,*,川,ガワ,ガワ
川,1303,1303,13700,名詞,接尾,地域,*,*,*,川,カワ,カワ
カ所,1300,1300,10472,名詞,接尾,助数詞,*,*,*,カ所,カショ,カショ
以来,1305,1305,12097,名詞,接尾,副詞可能,*,*,*,以来,イライ,イライ
ダース,1300,1300,8698,名詞,接尾,助数詞,*,*,*,ダース,ダース,ダース
勝,1297,1297,10098,名詞,接尾,サ変接続,*,*,*,勝,ショウ,ショー
分,1305,1305,12234,名詞,接尾,副詞可能,*,*,*,分,フン,フン
次第,1305,1305,13796,名詞,接尾,副詞可能,*,*,*,次第,シダイ,シダイ
半,1298,1298,12657,名詞,接尾,一般,*,*,*,半,ハン,ハン
ばなし,1298,1298,9420,名詞,接尾,一般,*,*,*,ばなし,バナシ,バナシ
枚,1300,1300,10090,名詞,接尾,助数詞,*,*,*,枚,マイ,マイ
シリーズ,1298,1298,9899,名詞,接尾,一般,*,*,*,シリーズ,シリーズ,シリーズ
もれ,1298,1298,9232,名詞,接尾,一般,*,*,*,もれ,モレ,モレ
ミリボルト,1300,1300,8698,名詞,接尾,助数詞,*,*,*,ミリボルト,ミリボルト,ミリボルト
人組,1300,1300,9487,名詞,接尾,助数詞,*,*,*,人組,ニングミ,ニングミ
棹,1300,1300,9872,名詞,接尾,助数詞,*,*,*,棹,サオ,サオ
揃,1300,1300,9874,名詞,接尾,助数詞,*,*,*,揃,ソロイ,ソロイ
舞,1298,1298,9010,名詞,接尾,一般,*,*,*,舞,マイ,マイ
Å,1300,1300,9037,名詞,接尾,助数詞,*,*,*,Å,オングストローム,オングストローム
期生,1300,1300,11564,名詞,接尾,助数詞,*,*,*,期生,キセイ,キセー
メガバイト,1300,1300,8698,名詞,接尾,助数詞,*,*,*,メガバイト,メガバイト,メガバイト
ｋｗ,1300,1300,13670,名詞,接尾,助数詞,*,*,*,ｋｗ,キロワット,キロワット
マイクロ,1300,1300,9127,名詞,接尾,助数詞,*,*,*,マイクロ,マイクロ,マイクロ
視,1297,1297,7333,名詞,接尾,サ変接続,*,*,*,視,シ,シ
魚,1298,1298,6944,名詞,接尾,一般,*,*,*,魚,ギョ,ギョ
ｋリットル,1300,1300,13674,名詞,接尾,助数詞,*,*,*,ｋリットル,キロリットル,キロリットル
班,1300,1300,11214,名詞,接尾,助数詞,*,*,*,班,ハン,ハン
減らし,1298,1298,9322,名詞,接尾,一般,*,*,*,減らし,ヘラシ,ヘラシ
減らし,1298,1298,9897,名詞,接尾,一般,*,*,*,減らし,ベラシ,ベラシ
浬,1300,1300,9872,名詞,接尾,助数詞,*,*,*,浬,カイリ,カイリ
庫,1298,1298,9824,名詞,接尾,一般,*,*,*,庫,コ,コ
戸,1300,1300,10391,名詞,接尾,助数詞,*,*,*,戸,コ,コ
ごろ,1305,1305,4752,名詞,接尾,副詞可能,*,*,*,ごろ,ゴロ,ゴロ
クローナ,1300,1300,8697,名詞,接尾,助数詞,*,*,*,クローナ,クローナ,クローナ
樽,1300,1300,9980,名詞,接尾,助数詞,*,*,*,樽,タル,タル
産,1303,1303,8439,名詞,接尾,地域,*,*,*,産,サン,サン
どおり,1298,1298,8546,名詞,接尾,一般,*,*,*,どおり,ドオリ,ドーリ
ビート,1300,1300,9068,名詞,接尾,助数詞,*,*,*,ビート,ビート,ビート
期,1300,1300,9687,名詞,接尾,助数詞,*,*,*,期,キ,キ
等地,1300,1300,9971,名詞,接尾,助数詞,*,*,*,等地,トウチ,トーチ
集,1298,1298,10176,名詞,接尾,一般,*,*,*,集,シュウ,シュー
ｍＶ,1300,1300,13714,名詞,接尾,助数詞,*,*,*,ｍＶ,ミリボルト,ミリボルト
ルピー,1300,1300,8520,名詞,接尾,助数詞,*,*,*,ルピー,ルピー,ルピー
丁目,1300,1300,9481,名詞,接尾,助数詞,*,*,*,丁目,チョウメ,チョーメ
限,1298,1298,9500,名詞,接尾,一般,*,*,*,限,ゲン,ゲン
ｌ,1300,1300,13768,名詞,接尾,助数詞,*,*,*,ｌ,リットル,リットル
頼み,1298,1298,10521,名詞,接尾,一般,*,*,*,頼み,ダノミ,ダノミ
義,1300,1300,12211,名詞,接尾,助数詞,*,*,*,義,ギ,ギ
エーカー,1300,1300,8698,名詞,接尾,助数詞,*,*,*,エーカー,エーカー,エーカー
畑,1298,1298,12130,名詞,接尾,一般,*,*,*,畑,バタケ,バタケ
映り,1298,1298,8311,名詞,接尾,一般,*,*,*,映り,ウツリ,ウツリ
時間,1300,1300,7140,名詞,接尾,助数詞,*,*,*,時間,ジカン,ジカン
刊,1298,1298,10936,名詞,接尾,一般,*,*,*,刊,カン,カン
等分,1300,1300,10666,名詞,接尾,助数詞,*,*,*,等分,トウブン,トーブン
番目,1300,1300,8944,名詞,接尾,助数詞,*,*,*,番目,バンメ,バンメ
交じり,1298,1298,8226,名詞,接尾,一般,*,*,*,交じり,マジリ,マジリ
代,1300,1300,11250,名詞,接尾,助数詞,*,*,*,代,ダイ,ダイ
禍,1298,1298,8011,名詞,接尾,一般,*,*,*,禍,カ,カ
大,1298,1298,9940,名詞,接尾,一般,*,*,*,大,ダイ,ダイ
集,1300,1300,12139,名詞,接尾,助数詞,*,*,*,集,シュウ,シュー
塁,1300,1300,15048,名詞,接尾,助数詞,*,*,*,塁,ルイ,ルイ
リアル,1300,1300,9194,名詞,接尾,助数詞,*,*,*,リアル,リアル,リアル
ずくめ,1298,1298,9252,名詞,接尾,一般,*,*,*,ずくめ,ズクメ,ズクメ
波,1298,1298,9850,名詞,接尾,一般,*,*,*,波,ハ,ハ
段,1300,1300,10924,名詞,接尾,助数詞,*,*,*,段,ダン,ダン
遊び,1298,1298,9860,名詞,接尾,一般,*,*,*,遊び,アソビ,アソビ
時,1300,1300,9091,名詞,接尾,助数詞,*,*,*,時,ジ,ジ
戦,1298,1298,9795,名詞,接尾,一般,*,*,*,戦,セン,セン
ケ村,1300,1300,8698,名詞,接尾,助数詞,*,*,*,ケ村,カソン,カソン
癖,1298,1298,9903,名詞,接尾,一般,*,*,*,癖,ヘキ,ヘキ
ごころ,1298,1298,9281,名詞,接尾,一般,*,*,*,ごころ,ゴコロ,ゴコロ
式,1300,1300,13026,名詞,接尾,助数詞,*,*,*,式,シキ,シキ
や,1298,1298,13666,名詞,接尾,一般,*,*,*,や,ヤ,ヤ
ペセタ,1300,1300,8678,名詞,接尾,助数詞,*,*,*,ペセタ,ペセタ,ペセタ
たび,1300,1300,13454,名詞,接尾,助数詞,*,*,*,たび,タビ,タビ
以内,1298,1298,12240,名詞,接尾,一般,*,*,*,以内,イナイ,イナイ
かげん,1298,1298,8710,名詞,接尾,一般,*,*,*,かげん,カゲン,カゲン
圏,1298,1298,7105,名詞,接尾,一般,*,*,*,圏,ケン,ケン
シーズン,1300,1300,10946,名詞,接尾,助数詞,*,*,*,シーズン,シーズン,シーズン
インチ,1300,1300,8507,名詞,接尾,助数詞,*,*,*,インチ,インチ,インチ
そう,1300,1300,10980,名詞,接尾,助数詞,*,*,*,そう,ソウ,ソー
つ折,1300,1300,12167,名詞,接尾,助数詞,*,*,*,つ折,ツオリ,ツオリ
タッチ,1298,1298,10448,名詞,接尾,一般,*,*,*,タッチ,タッチ,タッチ
以北,1298,1298,8995,名詞,接尾,一般,*,*,*,以北,イホク,イホク
め,1298,1298,9672,名詞,接尾,一般,*,*,*,め,メ,メ
鏡,1298,1298,7458,名詞,接尾,一般,*,*,*,鏡,キョウ,キョー
サマ,1302,1302,6441,名詞,接尾,人名,*,*,*,サマ,サマ,サマ
色,1300,1300,11509,名詞,接尾,助数詞,*,*,*,色,ショク,ショク
シーシー,1300,1300,9499,名詞,接尾,助数詞,*,*,*,シーシー,シーシー,シーシー
印,1298,1298,10799,名詞,接尾,一般,*,*,*,印,ジルシ,ジルシ
印,1298,1298,10394,名詞,接尾,一般,*,*,*,印,イン,イン
方,1298,1298,10450,名詞,接尾,一般,*,*,*,方,カタ,カタ
方,1298,1298,10732,名詞,接尾,一般,*,*,*,方,ガタ,ガタ
個条,1300,1300,9872,名詞,接尾,助数詞,*,*,*,個条,カジョウ,カジョー
差,1300,1300,11158,名詞,接尾,助数詞,*,*,*,差,サ,サ
流,1298,1298,9337,名詞,接尾,一般,*,*,*,流,リュウ,リュー
領,1298,1298,9483,名詞,接尾,一般,*,*,*,領,リョウ,リョー
忌,1298,1298,8868,名詞,接尾,一般,*,*,*,忌,キ,キ
寄せ,1298,1298,8264,名詞,接尾,一般,*,*,*,寄せ,ヨセ,ヨセ
時,1305,1305,7825,名詞,接尾,副詞可能,*,*,*,時,ジ,ジ
時,1305,1305,10754,名詞,接尾,副詞可能,*,*,*,時,ドキ,ドキ
時,1305,1305,12168,名詞,接尾,副詞可能,*,*,*,時,トキ,トキ
商,1298,1298,10356,名詞,接尾,一般,*,*,*,商,ショウ,ショー
粁,1300,1300,9872,名詞,接尾,助数詞,*,*,*,粁,キロメートル,キロメートル
像,1298,1298,7732,名詞,接尾,一般,*,*,*,像,ゾウ,ゾー
目,1300,1300,11471,名詞,接尾,助数詞,*,*,*,目,モク,モク
ミリグラム,1300,1300,8685,名詞,接尾,助数詞,*,*,*,ミリグラム,ミリグラム,ミリグラム
玉,1300,1300,11105,名詞,接尾,助数詞,*,*,*,玉,タマ,タマ
ｐａ,1300,1300,13715,名詞,接尾,助数詞,*,*,*,ｐａ,パスカル,パスカル
比,1298,1298,7464,名詞,接尾,一般,*,*,*,比,ヒ,ヒ
重,1300,1300,10552,名詞,接尾,助数詞,*,*,*,重,ジュウ,ジュー
人民元,1300,1300,9863,名詞,接尾,助数詞,*,*,*,人民元,ジンミンゲン,ジンミンゲン
前,1298,1298,16074,名詞,接尾,一般,*,*,*,前,ゼン,ゼン
費,1298,1298,9887,名詞,接尾,一般,*,*,*,費,ヒ,ヒ
箇所,1300,1300,10045,名詞,接尾,助数詞,*,*,*,箇所,カショ,カショ
項,1300,1300,12784,名詞,接尾,助数詞,*,*,*,項,コウ,コー
平方キロ,1300,1300,9871,名詞,接尾,助数詞,*,*,*,平方キロ,ヘイホウキロ,ヘイホーキロ
役,1298,1298,9129,名詞,接尾,一般,*,*,*,役,ヤク,ヤク
越し,1298,1298,9437,名詞,接尾,一般,*,*,*,越し,ゴシ,ゴシ
デシベル,1300,1300,8698,名詞,接尾,助数詞,*,*,*,デシベル,デシベル,デシベル
超,1298,1298,10656,名詞,接尾,一般,*,*,*,超,チョウ,チョー
超,1298,1298,12763,名詞,接尾,一般,*,*,*,超,ゴエ,ゴエ
たて,1298,1298,8222,名詞,接尾,一般,*,*,*,たて,タテ,タテ
ヤード,1300,1300,8460,名詞,接尾,助数詞,*,*,*,ヤード,ヤード,ヤード
か村,1300,1300,12167,名詞,接尾,助数詞,*,*,*,か村,カソン,カソン
パック,1300,1300,8697,名詞,接尾,助数詞,*,*,*,パック,パック,パック
か年,1300,1300,12166,名詞,接尾,助数詞,*,*,*,か年,カネン,カネン
日間,1300,1300,7180,名詞,接尾,助数詞,*,*,*,日間,ニチカン,ニチカン
日,1298,1298,7813,名詞,接尾,一般,*,*,*,日,ビ,ビ
日,1298,1298,9386,名詞,接尾,一般,*,*,*,日,ニチ,ニチ
ｃｍ,1300,1300,13714,名詞,接尾,助数詞,*,*,*,ｃｍ,センチメートル,センチメートル
階,1298,1298,7500,名詞,接尾,一般,*,*,*,階,カイ,カイ
員,1298,1298,8327,名詞,接尾,一般,*,*,*,員,イン,イン
録,1298,1298,8733,名詞,接尾,一般,*,*,*,録,ロク,ロク
剤,1298,1298,10508,名詞,接尾,一般,*,*,*,剤,ザイ,ザイ
帳,1298,1298,8766,名詞,接尾,一般,*,*,*,帳,チョウ,チョー
パーミル,1300,1300,8698,名詞,接尾,助数詞,*,*,*,パーミル,パーミル,パーミル
ｆｅｅｔ,1300,1300,13714,名詞,接尾,助数詞,*,*,*,ｆｅｅｔ,フィート,フィート
匹,1300,1300,10094,名詞,接尾,助数詞,*,*,*,匹,ヒキ,ヒキ
仏,1298,1298,12242,名詞,接尾,一般,*,*,*,仏,ボトケ,ボトケ
連れ,1298,1298,5552,名詞,接尾,一般,*,*,*,連れ,ヅレ,ズレ
すがら,1305,1305,8963,名詞,接尾,副詞可能,*,*,*,すがら,スガラ,スガラ
式,1298,1298,8341,名詞,接尾,一般,*,*,*,式,シキ,シキ
回生,1300,1300,9625,名詞,接尾,助数詞,*,*,*,回生,カイセイ,カイセイ
帰り,1298,1298,8328,名詞,接尾,一般,*,*,*,帰り,ガエリ,ガエリ
調べ,1298,1298,10094,名詞,接尾,一般,*,*,*,調べ,シラベ,シラベ
玉,1298,1298,7790,名詞,接尾,一般,*,*,*,玉,ダマ,ダマ
秒,1300,1300,8993,名詞,接尾,助数詞,*,*,*,秒,ビョウ,ビョー
詠,1298,1298,8168,名詞,接尾,一般,*,*,*,詠,エイ,エイ
しな,1298,1298,9954,名詞,接尾,一般,*,*,*,しな,シナ,シナ
問,1300,1300,8678,名詞,接尾,助数詞,*,*,*,問,モン,モン
あたり,1305,1305,9557,名詞,接尾,副詞可能,*,*,*,あたり,アタリ,アタリ
キロリットル,1300,1300,8337,名詞,接尾,助数詞,*,*,*,キロリットル,キロリットル,キロリットル
女,1300,1300,11742,名詞,接尾,助数詞,*,*,*,女,ジョ,ジョ
角,1298,1298,9978,名詞,接尾,一般,*,*,*,角,カク,カク
隊,1298,1298,9346,名詞,接尾,一般,*,*,*,隊,タイ,タイ
辺り,1305,1305,8490,名詞,接尾,副詞可能,*,*,*,辺り,アタリ,アタリ
酒,1298,1298,8048,名詞,接尾,一般,*,*,*,酒,シュ,シュ
酒,1298,1298,10356,名詞,接尾,一般,*,*,*,酒,ザケ,ザケ
とも,1298,1298,9796,名詞,接尾,一般,*,*,*,とも,トモ,トモ
元,1298,1298,11638,名詞,接尾,一般,*,*,*,元,モト,モト
ヶ国,1300,1300,8619,名詞,接尾,助数詞,*,*,*,ヶ国,カコク,カコク
種,1298,1298,9964,名詞,接尾,一般,*,*,*,種,シュ,シュ
柄,1298,1298,8485,名詞,接尾,一般,*,*,*,柄,ガラ,ガラ
セット,1300,1300,6454,名詞,接尾,助数詞,*,*,*,セット,セット,セット
週間,1300,1300,9085,名詞,接尾,助数詞,*,*,*,週間,シュウカン,シューカン
里,1300,1300,13424,名詞,接尾,助数詞,*,*,*,里,リ,リ
ｍｏｌ,1300,1300,13714,名詞,接尾,助数詞,*,*,*,ｍｏｌ,モル,モル
貫,1300,1300,12670,名詞,接尾,助数詞,*,*,*,貫,カン,カン
切り,1298,1298,8907,名詞,接尾,一般,*,*,*,切り,ギリ,ギリ
切り,1298,1298,9995,名詞,接尾,一般,*,*,*,切り,キリ,キリ
発,1298,1298,8870,名詞,接尾,一般,*,*,*,発,ハツ,ハツ
発,1298,1298,13046,名詞,接尾,一般,*,*,*,発,パツ,パツ
理,1298,1298,13590,名詞,接尾,一般,*,*,*,理,リ,リ
年版,1300,1300,10722,名詞,接尾,助数詞,*,*,*,年版,ネンバン,ネンバン
細工,1298,1298,8231,名詞,接尾,一般,*,*,*,細工,ザイク,ザイク
勢,1298,1298,10290,名詞,接尾,一般,*,*,*,勢,ゼイ,ゼイ
話,1300,1300,11780,名詞,接尾,助数詞,*,*,*,話,ワ,ワ
ヶ年,1300,1300,8698,名詞,接尾,助数詞,*,*,*,ヶ年,カネン,カネン
びらき,1298,1298,9268,名詞,接尾,一般,*,*,*,びらき,ビラキ,ビラキ
浴,1298,1298,9298,名詞,接尾,一般,*,*,*,浴,ヨク,ヨク
人前,1300,1300,10452,名詞,接尾,助数詞,*,*,*,人前,ニンマエ,ニンマエ
クン,1302,1302,6426,名詞,接尾,人名,*,*,*,クン,クン,クン
連,1300,1300,15475,名詞,接尾,助数詞,*,*,*,連,レン,レン
ピーピーエム,1300,1300,8695,名詞,接尾,助数詞,*,*,*,ピーピーエム,ピーピーエム,ピーピーエム
票,1300,1300,10601,名詞,接尾,助数詞,*,*,*,票,ヒョウ,ヒョー
混じり,1298,1298,8230,名詞,接尾,一般,*,*,*,混じり,マジリ,マジリ
家,1298,1298,8144,名詞,接尾,一般,*,*,*,家,カ,カ
家,1298,1298,10204,名詞,接尾,一般,*,*,*,家,ケ,ケ
杯,1300,1300,9734,名詞,接尾,助数詞,*,*,*,杯,ハイ,ハイ
マレーシアドル,1300,1300,8696,名詞,接尾,助数詞,*,*,*,マレーシアドル,マレーシアドル,マレーシアドル
円,1300,1300,8017,名詞,接尾,助数詞,*,*,*,円,エン,エン
堂,1298,1298,10753,名詞,接尾,一般,*,*,*,堂,ドウ,ドー
坂,1298,1298,7449,名詞,接尾,一般,*,*,*,坂,ザカ,ザカ
ぴき,1300,1300,12167,名詞,接尾,助数詞,*,*,*,ぴき,ピキ,ピキ
頃,1305,1305,8540,名詞,接尾,副詞可能,*,*,*,頃,ゴロ,ゴロ
冊,1300,1300,9206,名詞,接尾,助数詞,*,*,*,冊,サツ,サツ
ルピア,1300,1300,8698,名詞,接尾,助数詞,*,*,*,ルピア,ルピア,ルピア
児,1300,1300,10876,名詞,接尾,助数詞,*,*,*,児,ジ,ジ
ｗ,1300,1300,13811,名詞,接尾,助数詞,*,*,*,ｗ,ワット,ワット
売り,1298,1298,14920,名詞,接尾,一般,*,*,*,売り,ウリ,ウリ
はだし,1298,1298,9319,名詞,接尾,一般,*,*,*,はだし,ハダシ,ハダシ
兵,1298,1298,9019,名詞,接尾,一般,*,*,*,兵,ヘイ,ヘイ
機,1298,1298,8709,名詞,接尾,一般,*,*,*,機,キ,キ
コース,1300,1300,10325,名詞,接尾,助数詞,*,*,*,コース,コース,コース
ボリバル,1300,1300,8698,名詞,接尾,助数詞,*,*,*,ボリバル,ボリバル,ボリバル
話,1297,1297,9424,名詞,接尾,サ変接続,*,*,*,話,バナシ,バナシ
斗,1300,1300,10476,名詞,接尾,助数詞,*,*,*,斗,ト,ト
ペンス,1300,1300,8698,名詞,接尾,助数詞,*,*,*,ペンス,ペンス,ペンス
とり,1298,1298,11026,名詞,接尾,一般,*,*,*,とり,トリ,トリ
ぞろい,1298,1298,9256,名詞,接尾,一般,*,*,*,ぞろい,ゾロイ,ゾロイ
すじ,1300,1300,13264,名詞,接尾,助数詞,*,*,*,すじ,スジ,スジ
勝ち,1298,1298,6290,名詞,接尾,一般,*,*,*,勝ち,ガチ,ガチ
箇年,1300,1300,9872,名詞,接尾,助数詞,*,*,*,箇年,カネン,カネン
たて,1304,1304,9957,名詞,接尾,特殊,*,*,*,たて,タテ,タテ
モード,1300,1300,9224,名詞,接尾,助数詞,*,*,*,モード,モード,モード
ぶり,1298,1298,7451,名詞,接尾,一般,*,*,*,ぶり,ブリ,ブリ
ｍＡ,1300,1300,13714,名詞,接尾,助数詞,*,*,*,ｍＡ,ミリアンペア,ミリアンペア
アンダー,1300,1300,7299,名詞,接尾,助数詞,*,*,*,アンダー,アンダー,アンダー
ｍｇ,1300,1300,13713,名詞,接尾,助数詞,*,*,*,ｍｇ,ミリグラム,ミリグラム
針,1300,1300,10821,名詞,接尾,助数詞,*,*,*,針,ハリ,ハリ
頁,1300,1300,9871,名詞,接尾,助数詞,*,*,*,頁,ページ,ページ
づくり,1298,1298,9075,名詞,接尾,一般,*,*,*,づくり,ヅクリ,ズクリ
とせ,1300,1300,12147,名詞,接尾,助数詞,*,*,*,とせ,トセ,トセ
表,1298,1298,9477,名詞,接尾,一般,*,*,*,表,ヒョウ,ヒョー
ミリワット,1300,1300,8698,名詞,接尾,助数詞,*,*,*,ミリワット,ミリワット,ミリワット
後,1305,1305,5942,名詞,接尾,副詞可能,*,*,*,後,ゴ,ゴ
後,1305,1305,9662,名詞,接尾,副詞可能,*,*,*,後,ノチ,ノチ
地,1298,1298,9183,名詞,接尾,一般,*,*,*,地,チ,チ
ミリリットル,1300,1300,8579,名詞,接尾,助数詞,*,*,*,ミリリットル,ミリリットル,ミリリットル
星,1298,1298,9670,名詞,接尾,一般,*,*,*,星,ボシ,ボシ
換わり,1298,1298,8374,名詞,接尾,一般,*,*,*,換わり,ガワリ,ガワリ
調,1298,1298,10354,名詞,接尾,一般,*,*,*,調,チョウ,チョー
形,1298,1298,9249,名詞,接尾,一般,*,*,*,形,ガタ,ガタ
形,1298,1298,11340,名詞,接尾,一般,*,*,*,形,ケイ,ケイ
放題,1298,1298,7194,名詞,接尾,一般,*,*,*,放題,ホウダイ,ホーダイ
手,1300,1300,10828,名詞,接尾,助数詞,*,*,*,手,テ,テ
卒,1298,1298,6371,名詞,接尾,一般,*,*,*,卒,ソツ,ソツ
外,1298,1298,8945,名詞,接尾,一般,*,*,*,外,ガイ,ガイ
巡り,1298,1298,9164,名詞,接尾,一般,*,*,*,巡り,メグリ,メグリ
橋,1298,1298,8071,名詞,接尾,一般,*,*,*,橋,キョウ,キョー
橋,1298,1298,9851,名詞,接尾,一般,*,*,*,橋,バシ,バシ
車,1298,1298,8706,名詞,接尾,一般,*,*,*,車,シャ,シャ
車,1298,1298,12631,名詞,接尾,一般,*,*,*,車,クルマ,クルマ
市,1303,1303,8147,名詞,接尾,地域,*,*,*,市,シ,シ
市,1303,1303,14123,名詞,接尾,地域,*,*,*,市,イチ,イチ
判,1300,1300,11208,名詞,接尾,助数詞,*,*,*,判,バン,バン
キロワット,1300,1300,8297,名詞,接尾,助数詞,*,*,*,キロワット,キロワット,キロワット
度,1298,1298,10969,名詞,接尾,一般,*,*,*,度,ド,ド
ノット,1300,1300,8732,名詞,接尾,助数詞,*,*,*,ノット,ノット,ノット
平米,1300,1300,9872,名詞,接尾,助数詞,*,*,*,平米,ヘイベイ,ヘーベー
隠し,1298,1298,10538,名詞,接尾,一般,*,*,*,隠し,カクシ,カクシ
おき,1298,1298,9508,名詞,接尾,一般,*,*,*,おき,オキ,オキ
ぐらし,1298,1298,9507,名詞,接尾,一般,*,*,*,ぐらし,グラシ,グラシ
たち,1298,1298,6095,名詞,接尾,一般,*,*,*,たち,タチ,タチ
どの,1302,1302,8692,名詞,接尾,人名,*,*,*,どの,ドノ,ドノ
ｋワット,1300,1300,13670,名詞,接尾,助数詞,*,*,*,ｋワット,キロワット,キロワット
ずつ,1298,1298,10875,名詞,接尾,一般,*,*,*,ずつ,ズツ,ズツ
業,1298,1298,9177,名詞,接尾,一般,*,*,*,業,ギョウ,ギョー
業,1298,1298,14411,名詞,接尾,一般,*,*,*,業,ゴウ,ゴー
株,1300,1300,11636,名詞,接尾,助数詞,*,*,*,株,カブ,カブ
暦,1298,1298,8471,名詞,接尾,一般,*,*,*,暦,レキ,レキ
晩,1300,1300,9393,名詞,接尾,助数詞,*,*,*,晩,バン,バン
質,1298,1298,10327,名詞,接尾,一般,*,*,*,質,シツ,シツ
家,1300,1300,12277,名詞,接尾,助数詞,*,*,*,家,イエ,イエ
筆,1300,1300,10620,名詞,接尾,助数詞,*,*,*,筆,ピツ,ピツ
料,1298,1298,8501,名詞,接尾,一般,*,*,*,料,リョウ,リョー
杯,1298,1298,6825,名詞,接尾,一般,*,*,*,杯,ハイ,ハイ
どころ,1298,1298,10819,名詞,接尾,一般,*,*,*,どころ,ドコロ,ドコロ
部,1298,1298,9405,名詞,接尾,一般,*,*,*,部,ブ,ブ
シート,1300,1300,7978,名詞,接尾,助数詞,*,*,*,シート,シート,シート
国,1298,1298,9215,名詞,接尾,一般,*,*,*,国,コク,コク
なし,1298,1298,14474,名詞,接尾,一般,*,*,*,なし,ナシ,ナシ
フラン,1300,1300,8777,名詞,接尾,助数詞,*,*,*,フラン,フラン,フラン
筒,1298,1298,8447,名詞,接尾,一般,*,*,*,筒,トウ,トー
メガサイクル,1300,1300,8698,名詞,接尾,助数詞,*,*,*,メガサイクル,メガサイクル,メガサイクル
ならでは,1298,1298,9951,名詞,接尾,一般,*,*,*,ならでは,ナラデハ,ナラデワ
子,1300,1300,12625,名詞,接尾,助数詞,*,*,*,子,シ,シ
ずし,1298,1298,9267,名詞,接尾,一般,*,*,*,ずし,ズシ,ズシ
屋,1298,1298,8807,名詞,接尾,一般,*,*,*,屋,ヤ,ヤ
気圧,1300,1300,10311,名詞,接尾,助数詞,*,*,*,気圧,キアツ,キアツ
側,1298,1298,6703,名詞,接尾,一般,*,*,*,側,ガワ,ガワ
側,1298,1298,13704,名詞,接尾,一般,*,*,*,側,カワ,カワ
棟,1300,1300,7914,名詞,接尾,助数詞,*,*,*,棟,ムネ,ムネ
棟,1300,1300,10644,名詞,接尾,助数詞,*,*,*,棟,トウ,トー
度,1300,1300,8839,名詞,接尾,助数詞,*,*,*,度,ド,ド
顔,1298,1298,7731,名詞,接尾,一般,*,*,*,顔,ガオ,ガオ
顔,1298,1298,10175,名詞,接尾,一般,*,*,*,顔,カオ,カオ
ちゃーん,1302,1302,7695,名詞,接尾,人名,*,*,*,ちゃーん,チャーン,チャーン
寄り,1298,1298,9132,名詞,接尾,一般,*,*,*,寄り,ヨリ,ヨリ
電,1298,1298,9739,名詞,接尾,一般,*,*,*,電,デン,デン
君,1302,1302,5809,名詞,接尾,人名,*,*,*,君,クン,クン
マイクロメートル,1300,1300,8698,名詞,接尾,助数詞,*,*,*,マイクロメートル,マイクロメートル,マイクロメートル
分ノ,1300,1300,9678,名詞,接尾,助数詞,*,*,*,分ノ,ブンノ,ブンノ
灯,1298,1298,7002,名詞,接尾,一般,*,*,*,灯,トウ,トー
騎,1300,1300,11009,名詞,接尾,助数詞,*,*,*,騎,キ,キ
粒,1298,1298,7764,名詞,接尾,一般,*,*,*,粒,ツブ,ツブ
新,1298,1298,12011,名詞,接尾,一般,*,*,*,新,シン,シン
委,1298,1298,11714,名詞,接尾,一般,*,*,*,委,イ,イ
番線,1300,1300,9601,名詞,接尾,助数詞,*,*,*,番線,バンセン,バンセン
種,1300,1300,12042,名詞,接尾,助数詞,*,*,*,種,シュ,シュ
缶,1300,1300,10991,名詞,接尾,助数詞,*,*,*,缶,カン,カン
蒸し,1298,1298,10129,名詞,接尾,一般,*,*,*,蒸し,ムシ,ムシ
節,1298,1298,9556,名詞,接尾,一般,*,*,*,節,ブシ,ブシ
ポンド,1300,1300,8547,名詞,接尾,助数詞,*,*,*,ポンド,ポンド,ポンド
把,1300,1300,10043,名詞,接尾,助数詞,*,*,*,把,ワ,ワ
み,1304,1304,14521,名詞,接尾,特殊,*,*,*,み,ミ,ミ
座,1298,1298,11538,名詞,接尾,一般,*,*,*,座,ザ,ザ
ｍｍ,1300,1300,13715,名詞,接尾,助数詞,*,*,*,ｍｍ,ミリメートル,ミリメートル
カ年,1300,1300,8698,名詞,接尾,助数詞,*,*,*,カ年,カネン,カネン
積み,1298,1298,8873,名詞,接尾,一般,*,*,*,積み,ヅミ,ズミ
月,1298,1298,14894,名詞,接尾,一般,*,*,*,月,ガツ,ガツ
ヵ所,1300,1300,8879,名詞,接尾,助数詞,*,*,*,ヵ所,カショ,カショ
キロカロリー,1300,1300,8115,名詞,接尾,助数詞,*,*,*,キロカロリー,キロカロリー,キロカロリー
苦,1298,1298,8941,名詞,接尾,一般,*,*,*,苦,ク,ク
殺し,1298,1298,9944,名詞,接尾,一般,*,*,*,殺し,ゴロシ,ゴロシ
舎,1298,1298,8991,名詞,接尾,一般,*,*,*,舎,シャ,シャ
関,1298,1298,11380,名詞,接尾,一般,*,*,*,関,セキ,セキ
升,1300,1300,11756,名詞,接尾,助数詞,*,*,*,升,ショウ,ショー
等,1300,1300,12207,名詞,接尾,助数詞,*,*,*,等,トウ,トー
層,1298,1298,10884,名詞,接尾,一般,*,*,*,層,ソウ,ソー
凧,1298,1298,8372,名詞,接尾,一般,*,*,*,凧,ダコ,ダコ
立て,1298,1298,7647,名詞,接尾,一般,*,*,*,立て,ダテ,ダテ
立て,1298,1298,9449,名詞,接尾,一般,*,*,*,立て,タテ,タテ
波,1300,1300,11337,名詞,接尾,助数詞,*,*,*,波,ハ,ハ
雪,1298,1298,10607,名詞,接尾,一般,*,*,*,雪,セツ,セツ
件,1300,1300,7984,名詞,接尾,助数詞,*,*,*,件,ケン,ケン
ワット,1300,1300,9190,名詞,接尾,助数詞,*,*,*,ワット,ワット,ワット
ランド,1300,1300,9118,名詞,接尾,助数詞,*,*,*,ランド,ランド,ランド
等席,1300,1300,9862,名詞,接尾,助数詞,*,*,*,等席,トウセキ,トーセキ
オクターブ,1300,1300,8698,名詞,接尾,助数詞,*,*,*,オクターブ,オクターブ,オクターブ
懇,1298,1298,9003,名詞,接尾,一般,*,*,*,懇,コン,コン
過ぎ,1305,1305,8988,名詞,接尾,副詞可能,*,*,*,過ぎ,スギ,スギ
願,1298,1298,8234,名詞,接尾,一般,*,*,*,願,ネガイ,ネガイ
願,1298,1298,10144,名詞,接尾,一般,*,*,*,願,ガン,ガン
届,1298,1298,7550,名詞,接尾,一般,*,*,*,届,トドケ,トドケ
ぐるみ,1298,1298,9264,名詞,接尾,一般,*,*,*,ぐるみ,グルミ,グルミ
灯,1300,1300,9203,名詞,接尾,助数詞,*,*,*,灯,トウ,トー
ヘクタール,1300,1300,8686,名詞,接尾,助数詞,*,*,*,ヘクタール,ヘクタール,ヘクタール
囚,1298,1298,6673,名詞,接尾,一般,*,*,*,囚,シュウ,シュー
隻,1300,1300,10042,名詞,接尾,助数詞,*,*,*,隻,セキ,セキ
ミリメートル,1300,1300,8698,名詞,接尾,助数詞,*,*,*,ミリメートル,ミリメートル,ミリメートル
愛,1298,1298,9458,名詞,接尾,一般,*,*,*,愛,アイ,アイ
無し,1298,1298,7739,名詞,接尾,一般,*,*,*,無し,ナシ,ナシ
ごい,1298,1298,9300,名詞,接尾,一般,*,*,*,ごい,ゴイ,ゴイ
勝,1298,1298,11410,名詞,接尾,一般,*,*,*,勝,ショウ,ショー
会,1298,1298,7354,名詞,接尾,一般,*,*,*,会,カイ,カイ
節,1300,1300,11275,名詞,接尾,助数詞,*,*,*,節,セツ,セツ
はん,1302,1302,8704,名詞,接尾,人名,*,*,*,はん,ハン,ハン
ｋグラム,1300,1300,13709,名詞,接尾,助数詞,*,*,*,ｋグラム,キログラム,キログラム
級,1298,1298,8040,名詞,接尾,一般,*,*,*,級,キュウ,キュー
ｄｌ,1300,1300,13714,名詞,接尾,助数詞,*,*,*,ｄｌ,デシリットル,デシリットル
ギルダー,1300,1300,8698,名詞,接尾,助数詞,*,*,*,ギルダー,ギルダー,ギルダー
進,1300,1300,10920,名詞,接尾,助数詞,*,*,*,進,シン,シン
ペア,1300,1300,9211,名詞,接尾,助数詞,*,*,*,ペア,ペア,ペア
回り,1300,1300,10998,名詞,接尾,助数詞,*,*,*,回り,マワリ,マワリ
ケ条,1300,1300,8698,名詞,接尾,助数詞,*,*,*,ケ条,カジョウ,カジョー
ばやし,1298,1298,9254,名詞,接尾,一般,*,*,*,ばやし,バヤシ,バヤシ
ぜん,1300,1300,13162,名詞,接尾,助数詞,*,*,*,ぜん,ゼン,ゼン
池,1298,1298,9751,名詞,接尾,一般,*,*,*,池,チ,チ
乗,1300,1300,10780,名詞,接尾,助数詞,*,*,*,乗,ジョウ,ジョー
べり,1298,1298,8432,名詞,接尾,一般,*,*,*,べり,ベリ,ベリ
差し,1300,1300,10338,名詞,接尾,助数詞,*,*,*,差し,サシ,サシ
尺,1300,1300,9519,名詞,接尾,助数詞,*,*,*,尺,シャク,シャク
区,1303,1303,9313,名詞,接尾,地域,*,*,*,区,ク,ク
ａ,1300,1300,15793,名詞,接尾,助数詞,*,*,*,ａ,アール,アール
歳児,1300,1300,9780,名詞,接尾,助数詞,*,*,*,歳児,サイジ,サイジ
艦,1298,1298,8115,名詞,接尾,一般,*,*,*,艦,カン,カン
つがい,1300,1300,13380,名詞,接尾,助数詞,*,*,*,つがい,ツガイ,ツガイ
ヵ国,1300,1300,8619,名詞,接尾,助数詞,*,*,*,ヵ国,カコク,カコク
ケ月,1300,1300,9143,名詞,接尾,助数詞,*,*,*,ケ月,カゲツ,カゲツ
片,1298,1298,9342,名詞,接尾,一般,*,*,*,片,ヘン,ヘン
力,1298,1298,9756,名詞,接尾,一般,*,*,*,力,リョク,リョク
ケ年,1300,1300,8698,名詞,接尾,助数詞,*,*,*,ケ年,カネン,カネン
号,1298,1298,5919,名詞,接尾,一般,*,*,*,号,ゴウ,ゴー
炉,1298,1298,5346,名詞,接尾,一般,*,*,*,炉,ロ,ロ
イニング,1300,1300,6683,名詞,接尾,助数詞,*,*,*,イニング,イニング,イニング
平方センチメートル,1300,1300,9872,名詞,接尾,助数詞,*,*,*,平方センチメートル,ヘイホウセンチメートル,ヘイホーセンチメートル
つかみ,1300,1300,12617,名詞,接尾,助数詞,*,*,*,つかみ,ツカミ,ツカミ
来,1305,1305,9672,名詞,接尾,副詞可能,*,*,*,来,ライ,ライ
回戦,1300,1300,4830,名詞,接尾,助数詞,*,*,*,回戦,カイセン,カイセン
ころ,1305,1305,11686,名詞,接尾,副詞可能,*,*,*,ころ,コロ,コロ
重ね,1300,1300,10129,名詞,接尾,助数詞,*,*,*,重ね,カサネ,カサネ
弾,1300,1300,9807,名詞,接尾,助数詞,*,*,*,弾,ダン,ダン
口,1298,1298,9360,名詞,接尾,一般,*,*,*,口,グチ,グチ
口,1298,1298,9802,名詞,接尾,一般,*,*,*,口,コウ,コー
口,1298,1298,10843,名詞,接尾,一般,*,*,*,口,クチ,クチ
着,1300,1300,11420,名詞,接尾,助数詞,*,*,*,着,チャク,チャク
キュリー,1300,1300,8698,名詞,接尾,助数詞,*,*,*,キュリー,キュリー,キュリー
っきり,1305,1305,9398,名詞,接尾,副詞可能,*,*,*,っきり,ッキリ,ッキリ
裏,1298,1298,10967,名詞,接尾,一般,*,*,*,裏,ウラ,ウラ
裏,1298,1298,11137,名詞,接尾,一般,*,*,*,裏,リ,リ
キログラム,1300,1300,8644,名詞,接尾,助数詞,*,*,*,キログラム,キログラム,キログラム
ヤール,1300,1300,8698,名詞,接尾,助数詞,*,*,*,ヤール,ヤール,ヤール
校,1298,1298,9284,名詞,接尾,一般,*,*,*,校,コウ,コー
宴,1298,1298,9022,名詞,接尾,一般,*,*,*,宴,エン,エン
脚,1300,1300,12184,名詞,接尾,助数詞,*,*,*,脚,キャク,キャク
型,1298,1298,8753,名詞,接尾,一般,*,*,*,型,ガタ,ガタ
型,1298,1298,12678,名詞,接尾,一般,*,*,*,型,ケイ,ケイ
型,1298,1298,12962,名詞,接尾,一般,*,*,*,型,カタ,カタ
位,1298,1298,8893,名詞,接尾,一般,*,*,*,位,イ,イ
卓,1300,1300,9517,名詞,接尾,助数詞,*,*,*,卓,タク,タク
どまり,1298,1298,9455,名詞,接尾,一般,*,*,*,どまり,ドマリ,ドマリ
罪,1298,1298,8601,名詞,接尾,一般,*,*,*,罪,ザイ,ザイ
躯,1300,1300,11177,名詞,接尾,助数詞,*,*,*,躯,ク,ク
系,1298,1298,7687,名詞,接尾,一般,*,*,*,系,ケイ,ケイ
丁,1300,1300,10879,名詞,接尾,助数詞,*,*,*,丁,チョウ,チョー
回し,1298,1298,9224,名詞,接尾,一般,*,*,*,回し,マワシ,マワシ
億,1300,1300,16549,名詞,接尾,助数詞,*,*,*,億,オク,オク
婦,1298,1298,8373,名詞,接尾,一般,*,*,*,婦,フ,フ
板,1298,1298,10511,名詞,接尾,一般,*,*,*,板,バン,バン
題,1300,1300,11229,名詞,接尾,助数詞,*,*,*,題,ダイ,ダイ
妃,1298,1298,5482,名詞,接尾,一般,*,*,*,妃,ヒ,ヒ
社,1300,1300,9446,名詞,接尾,助数詞,*,*,*,社,シャ,シャ
民,1298,1298,12414,名詞,接尾,一般,*,*,*,民,ミン,ミン
事,1298,1298,10946,名詞,接尾,一般,*,*,*,事,ゴト,ゴト
事,1298,1298,12348,名詞,接尾,一般,*,*,*,事,ジ,ジ
ゾーン,1300,1300,7601,名詞,接尾,助数詞,*,*,*,ゾーン,ゾーン,ゾーン
すぎ,1298,1298,9308,名詞,接尾,一般,*,*,*,すぎ,スギ,スギ
譲り,1298,1298,7866,名詞,接尾,一般,*,*,*,譲り,ユズリ,ユズリ
熱,1298,1298,7832,名詞,接尾,一般,*,*,*,熱,ネツ,ネツ
マルク,1300,1300,9022,名詞,接尾,助数詞,*,*,*,マルク,マルク,マルク
極,1300,1300,10831,名詞,接尾,助数詞,*,*,*,極,キョク,キョク
感,1298,1298,7034,名詞,接尾,一般,*,*,*,感,カン,カン
益,1298,1298,9269,名詞,接尾,一般,*,*,*,益,エキ,エキ
出,1298,1298,10471,名詞,接尾,一般,*,*,*,出,デ,デ
才,1300,1300,10682,名詞,接尾,助数詞,*,*,*,才,サイ,サイ
液,1298,1298,9822,名詞,接尾,一般,*,*,*,液,エキ,エキ
管,1298,1298,9651,名詞,接尾,一般,*,*,*,管,カン,カン
男,1300,1300,13430,名詞,接尾,助数詞,*,*,*,男,ナン,ナン
台,1298,1298,9425,名詞,接尾,一般,*,*,*,台,ダイ,ダイ
流,1300,1300,13044,名詞,接尾,助数詞,*,*,*,流,リュウ,リュー
びき,1300,1300,12148,名詞,接尾,助数詞,*,*,*,びき,ビキ,ビキ
Ω,1300,1300,6562,名詞,接尾,助数詞,*,*,*,Ω,オーム,オーム
氏,1302,1302,6681,名詞,接尾,人名,*,*,*,氏,シ,シ
兄,1298,1298,9101,名詞,接尾,一般,*,*,*,兄,ケイ,ケイ
オングストローム,1300,1300,8698,名詞,接尾,助数詞,*,*,*,オングストローム,オングストローム,オングストローム
症,1298,1298,10512,名詞,接尾,一般,*,*,*,症,ショウ,ショー
かけ,1300,1300,13915,名詞,接尾,助数詞,*,*,*,かけ,カケ,カケ
足,1300,1300,13103,名詞,接尾,助数詞,*,*,*,足,ソク,ソク
ヵ条,1300,1300,8698,名詞,接尾,助数詞,*,*,*,ヵ条,カジョウ,カジョー
棟,1298,1298,7489,名詞,接尾,一般,*,*,*,棟,トウ,トー
